model,task_id,regime,repeat_index,split_seed,temperature,ok,raw_final_hidden_test_metric,main_hidden_test_metric,final_hidden_test_metric,final_reward,selected_validation_metric,protocol_valid,hidden_test_protocol_valid,finalized_after_token_budget_exhaustion,agent_protocol_violation_count,terminal_selection_policy,terminal_path,llm_calls,working_llm_calls,selection_llm_calls,total_input_tokens,total_output_tokens,total_tokens,execution_failure_count,critical_category,forbidden_action_attempt_count,forbidden_action_attempted,forbidden_actions_attempted,n_model_actions,n_validated_candidates,n_distinct_model_families,model_family_sequence,selected_candidate_family,candidate_diversity_score,stopped_early,stop_after_n_candidates,early_stop_redirect_count,early_stop_redirected,candidate_first_redirect_count,candidate_first_redirected,masked_ablation_redirect_count,masked_ablation_redirected,final_reward_performance_contribution,slope_reward_performance_contribution,final_reward_plan_contribution,slope_reward_plan_contribution,final_reward_code_quality_contribution,slope_reward_code_quality_contribution,final_reward_weighted,slope_reward_weighted,slope_reward,val_first,val_last,val_min,val_max,val_delta,n_validations,task_normalized_hidden_test_metric,raw_task_normalized_hidden_test_metric,task_normalized_validation_metric
deepseek/deepseek-v4-flash,synthetic_regression_known_dgp,single_shot,1,42,0.7,True,-0.5442293496960333,-0.5442293496960333,-0.5442293496960333,0.7710338827838827,-0.5124755864384359,True,True,False,0,only_generated_candidate,agent_final_submit,1,1,0,954,694,1648,0,none,0,False,,2,2,1,LinearModel;LinearModel,LinearModel,0.55,False,,0,False,0,False,0,False,0.55,,0.15,,0.28316483516483515,,0.9831648351648352,,,-0.5124755864384359,-0.5124755864384359,-0.5124755864384359,-0.5124755864384359,0.0,2,0.061945284207375315,0.061945284207375315,0.0
deepseek/deepseek-v4-flash,synthetic_regression_known_dgp,single_shot,0,67,0.7,True,-0.4757832630797657,-0.4757832630797657,-0.4757832630797657,0.7710338827838827,-0.5075153873793056,True,True,False,0,only_generated_candidate,agent_final_submit,1,1,0,954,879,1833,0,none,0,False,,2,2,1,LinearModel;LinearModel,LinearModel,0.55,False,,0,False,0,False,0,False,0.55,,0.15,,0.28316483516483515,,0.9831648351648352,,,-0.5075153873793056,-0.5075153873793056,-0.5075153873793056,-0.5075153873793056,0.0,2,0.7071773107035524,0.7071773107035524,0.07781811213020892
deepseek/deepseek-v4-flash,synthetic_regression_known_dgp,single_shot,1,67,0.7,True,-0.4757832630797657,-0.4757832630797657,-0.4757832630797657,0.7710338827838827,-0.5075153873793056,True,True,False,0,only_generated_candidate,agent_final_submit,1,1,0,954,944,1898,0,none,0,False,,2,2,1,LinearModel;LinearModel,LinearModel,0.55,False,,0,False,0,False,0,False,0.55,,0.15,,0.28316483516483515,,0.9831648351648352,,,-0.5075153873793056,-0.5075153873793056,-0.5075153873793056,-0.5075153873793056,0.0,2,0.7071773107035524,0.7071773107035524,0.07781811213020892
deepseek/deepseek-v4-flash,synthetic_regression_known_dgp,single_shot,0,42,0.7,True,-0.5507019939021407,-0.5507019939021407,-0.5507019939021407,0.7710338827838827,-0.5055924721031454,True,True,False,0,only_generated_candidate,agent_final_submit,1,1,0,954,1257,2211,0,none,0,False,,2,2,1,LinearModel;LinearModel,LinearModel,0.55,False,,0,False,0,False,0,False,0.55,,0.15,,0.28316483516483515,,0.9831648351648352,,,-0.5055924721031454,-0.5055924721031454,-0.5055924721031454,-0.5055924721031454,0.0,2,0.0009285403092251505,0.0009285403092251505,0.10798577975670919
deepseek/deepseek-v4-flash,synthetic_regression_known_dgp,n_restarts_from_scratch,0,67,0.7,True,-0.45297746002366623,-0.45297746002366623,-0.45297746002366623,0.7361822344322344,-0.4487346535971268,True,True,False,0,evaluator_best_validation,agent_final_submit,4,4,0,3941,4840,8781,0,none,0,False,,5,5,1,LinearModel;LinearModel;LinearModel;LinearModel;LinearModel,LinearModel,0.65,True,5.0,0,False,0,False,0,False,0.55,0.0,0.15,0.0,0.2811703296703296,0.001840476190476198,0.9811703296703297,0.0018404761904761812,0.04284047619047619,-0.4487346535971268,-0.4487346535971268,-0.5075153873793056,-0.4487346535971268,0.0,5,0.922164540057618,0.922164540057618,0.9999999999997474
deepseek/deepseek-v4-flash,synthetic_regression_known_dgp,n_restarts_from_scratch,1,67,0.7,True,-0.4757832630797657,-0.4757832630797657,-0.4757832630797657,0.7710338827838827,-0.5075153873793056,True,True,False,0,evaluator_best_validation,agent_final_submit,4,4,0,3923,4761,8684,2,none,0,False,,4,3,1,LinearModel;LinearModel;LinearModel,LinearModel,0.65,True,3.0,0,False,0,False,0,False,0.55,0.0,0.15,0.0,0.28316483516483515,-0.0034166666666666677,0.9831648351648352,-0.0034166666666666677,-0.01150238095238095,-0.5075153873793056,-0.5075153873793056,-0.5075153873793056,-0.5075153873793056,0.0,3,0.7071773107035524,0.7071773107035524,0.07781811213020892
deepseek/deepseek-v4-flash,synthetic_regression_known_dgp,n_restarts_from_scratch,0,42,0.7,True,-0.5246903087168042,-0.5246903087168042,-0.5246903087168042,0.6507536630036631,-0.46409330067433036,True,True,False,0,evaluator_best_validation,agent_final_submit,4,4,0,3935,6232,10167,1,none,0,False,,4,4,1,LinearModel;LinearModel;LinearModel;LinearModel,LinearModel,0.65,True,4.0,0,False,0,False,0,False,0.55,0.0,0.15,0.0,0.2785989010989011,-0.004728571428571443,0.9785989010989011,-0.004728571428571448,-0.01441000000000002,-0.5090625806525073,-0.46409330067433036,-0.5090625806525073,-0.46409330067433036,0.04496927997817696,4,0.24613718808495177,0.24613718808495177,0.7590457749425628
deepseek/deepseek-v4-flash,synthetic_regression_known_dgp,n_restarts_from_scratch,1,42,0.7,True,-0.5246903087168107,-0.5246903087168107,-0.5246903087168107,0.7013305860805861,-0.46409330067433535,True,True,False,0,evaluator_best_validation,agent_final_submit,4,4,0,3941,7155,11096,0,none,0,False,,5,5,2,LinearModel;RandomForest;LinearModel;LinearModel;LinearModel,LinearModel,1.0,True,5.0,0,False,0,False,0,False,0.55,0.0,0.15,0.0,0.27917582417582415,-0.0009809523809523768,0.9791758241758242,-0.0009809523809523712,-0.018123809523809514,-0.5124755864384359,-0.46409330067433535,-30.277889356890842,-0.46409330067433535,0.048382285764100585,5,0.24613718808489107,0.24613718808489107,0.7590457749424844
deepseek/deepseek-v4-flash,synthetic_regression_known_dgp,unstructured_agent,1,42,0.7,True,-0.5246903087168031,-0.5246903087168031,-0.5246903087168031,0.7446574074074074,-0.46409330067431714,True,True,False,0,evaluator_best_validation,agent_final_submit,7,7,0,17883,4988,22871,2,none,0,False,,10,6,1,LinearModel;LinearModel;LinearModel;LinearModel;LinearModel;LinearModel,LinearModel,0.65,True,6.0,0,False,0,False,0,False,0.55,0.0,0.15,0.02142857142857143,0.27764550264550264,-0.004832653061224493,0.9776455026455027,0.016595918367346942,0.0008380758017492758,-0.5031601940419855,-0.46409330067431714,-0.5124755864384359,-0.46409330067431714,0.03906689336766839,6,0.24613718808496224,0.24613718808496224,0.75904577494277
deepseek/deepseek-v4-flash,synthetic_regression_known_dgp,n_restarts_call_matched_upper_bound,0,67,0.7,True,-0.4522455860978552,-0.4522455860978552,-0.4522455860978552,0.7710338827838827,-0.4490310277906981,True,True,False,0,evaluator_best_validation,agent_final_submit,8,8,0,8005,8996,17001,0,none,0,False,,9,9,1,LinearModel;LinearModel;LinearModel;LinearModel;LinearModel;LinearModel;LinearModel;LinearModel;LinearModel,LinearModel,0.65,False,,0,False,0,False,0,False,0.55,0.0,0.15,0.0,0.28316483516483515,-0.0019384920634920634,0.9831648351648352,-0.0019384920634920681,-0.009936111111111109,-0.5075153873793056,-0.4490310277906981,-0.5075153873793056,-0.4490310277906981,0.05848435958860748,9,0.9290638168407925,0.9290638168407925,0.9953503317197255
deepseek/deepseek-v4-flash,synthetic_regression_known_dgp,n_restarts_call_matched_upper_bound,1,67,0.7,True,-0.45235705032416607,-0.45235705032416607,-0.45235705032416607,0.7783965201465202,-0.45132086263167387,True,True,False,0,evaluator_best_validation,agent_final_submit,8,8,0,8005,9713,17718,0,none,0,False,,9,9,1,LinearModel;LinearModel;LinearModel;LinearModel;LinearModel;LinearModel;LinearModel;LinearModel;LinearModel,LinearModel,0.65,False,,0,False,0,False,0,False,0.55,0.0,0.15,0.0,0.2848131868131868,0.00014455782312925277,0.9848131868131869,0.00014455782312925675,0.003920068027210887,-0.5093637055207361,-0.45132086263167387,-0.5093637055207361,-0.45132086263167387,0.058042842889062196,9,0.9280130586136992,0.9280130586136992,0.959426244341274
deepseek/deepseek-v4-flash,synthetic_regression_known_dgp,n_restarts_call_matched_upper_bound,1,42,0.7,True,-0.524690308716806,-0.524690308716806,-0.524690308716806,0.690110805860806,-0.4640933006743327,True,True,False,0,evaluator_best_validation,agent_final_submit,8,8,0,8005,10012,18017,0,none,0,False,,9,9,1,LinearModel;LinearModel;LinearModel;LinearModel;LinearModel;LinearModel;LinearModel;LinearModel;LinearModel,LinearModel,0.65,False,,0,False,0,False,0,False,0.55,0.0,0.15,0.0,0.28224175824175823,2.267573696143081e-06,0.9822417582417583,2.267573696138455e-06,-0.006392290249433108,-0.5124755864384359,-0.4640933006743327,-0.5124755864384359,-0.4640933006743327,0.04838228576410325,9,0.24613718808493504,0.24613718808493504,0.7590457749425262
deepseek/deepseek-v4-flash,synthetic_regression_known_dgp,n_restarts_call_matched_upper_bound,0,42,0.7,True,-0.5217363447824941,-0.5217363447824941,-0.5217363447824941,0.7783965201465202,-0.46690634936690806,True,True,False,0,evaluator_best_validation,agent_final_submit,8,8,0,8005,10921,18926,0,none,0,False,,9,9,1,LinearModel;LinearModel;LinearModel;LinearModel;LinearModel;LinearModel;LinearModel;LinearModel;LinearModel,LinearModel,0.65,False,,0,False,0,False,0,False,0.55,0.0,0.15,0.0,0.2848131868131868,0.0005269274376417229,0.9848131868131869,0.0005269274376417229,0.0170265873015873,-0.5124755864384359,-0.46690634936690806,-0.5124755864384359,-0.46690634936690806,0.04556923707152788,9,0.2739838076618634,0.2739838076618634,0.7149132439741124
deepseek/deepseek-v4-flash,synthetic_regression_known_dgp,unstructured_agent,0,42,0.7,True,-0.524690308716806,-0.524690308716806,-0.524690308716806,0.9565462962962963,-0.4640933006743327,True,True,False,0,evaluator_best_validation,agent_final_submit,8,8,0,22770,6606,29376,1,none,0,False,,11,7,1,LinearModel;LinearModel;LinearModel;LinearModel;LinearModel;LinearModel;LinearModel,LinearModel,0.65,False,,0,False,0,False,0,False,0.55,0.0,0.15,0.016071428571428573,0.28367724867724864,-0.0017763605442176814,0.9836772486772487,0.014295068027210889,0.003985119047619049,-0.5124755864384359,-0.4640933006743327,-0.5124755864384359,-0.4640933006743327,0.04838228576410325,7,0.24613718808493504,0.24613718808493504,0.7590457749425262
deepseek/deepseek-v4-flash,synthetic_regression_known_dgp,unstructured_agent,0,67,0.7,True,-0.44472068972359075,-0.44472068972359075,-0.44472068972359075,0.7996574074074074,-0.4516399361228223,True,True,False,0,evaluator_best_validation,agent_final_submit,8,8,0,20452,7180,27632,2,none,0,False,,7,6,1,LinearModel;LinearModel;LinearModel;LinearModel;LinearModel;LinearModel,LinearModel,0.65,False,,0,False,0,False,0,False,0.55,0.0,0.15,0.0,0.27978835978835975,-0.003345359572400393,0.9797883597883599,-0.003345359572400405,-0.0017814625850340257,-0.5075153873793056,-0.4516399361228223,-0.5075153873793056,-0.4516399361228223,0.055875451256483244,6,0.9999999999999686,0.9999999999999686,0.9544204579976265
deepseek/deepseek-v4-flash,synthetic_regression_known_dgp,unstructured_agent,1,67,0.7,True,-0.4529774600236801,,,0.7923690476190477,-0.4487346535971107,False,True,False,1,evaluator_best_validation,agent_violated_protocol,8,8,0,27486,8743,36229,2,none,0,False,,7,5,1,LinearModel;LinearModel;LinearModel;LinearModel;LinearModel,LinearModel,0.65,False,,0,False,0,False,0,False,0.55,0.0,0.15,0.0,0.28021428571428575,-0.002246574344023319,0.9802142857142858,-0.002246574344023315,0.008267456268221578,-0.4487346535971107,-0.4487346535971107,-0.45198087397078074,-0.4487346535971107,0.0,5,,0.9221645400574872,1.0
deepseek/deepseek-v4-flash,synthetic_regression_known_dgp,fixed_stage_iterative,0,42,0.7,True,-0.5442293496960333,-0.5442293496960333,-0.5442293496960333,0.8482151067323482,-0.5124755864384359,True,True,False,0,evaluator_best_validation,agent_final_submit,8,8,0,42651,4989,47640,0,none,0,False,,3,3,2,LinearModel;RandomForest;LinearModel,LinearModel,1.0,False,,0,False,0,False,0,False,0.55,0.0,0.15,0.0,0.2755960591133005,-0.0058508904804157645,0.9755960591133006,-0.005850890480415751,-0.04306823741919127,-0.5124755864384359,-0.5124755864384359,-28.68460546818443,-0.5124755864384359,0.0,3,0.061945284207375315,0.061945284207375315,0.0
deepseek/deepseek-v4-flash,synthetic_regression_known_dgp,flexible_iterative,1,42,0.7,True,-0.5442293496960333,-0.5442293496960333,-0.5442293496960333,0.8968518518518518,-0.5124755864384359,True,True,False,0,evaluator_best_validation,agent_final_submit,7,7,0,35137,3477,38614,0,none,0,False,,4,4,2,RandomForest;RandomForest;LinearModel;RandomForest,RandomForest,1.0,True,4.0,0,False,1,True,0,False,0.55,0.0,0.15,0.0,0.2792328042328042,-0.004870480268077524,0.9792328042328042,-0.0048704802680775185,-0.022968774991372235,-0.5124755864384359,-0.5124755864384359,-30.277889356890842,-0.5124755864384359,0.0,4,0.061945284207375315,0.061945284207375315,0.0
deepseek/deepseek-v4-flash,synthetic_regression_known_dgp,fixed_stage_iterative,1,67,0.7,True,-0.45297746002366623,-0.45297746002366623,-0.45297746002366623,0.3873352380952382,-0.4487346535971268,True,True,False,0,evaluator_best_validation,agent_final_submit,8,8,0,42211,4694,46905,0,none,0,False,,8,8,2,LinearModel;RandomForest;LinearModel;LinearModel;LinearModel;RandomForest;LinearModel;LinearModel,LinearModel,1.0,False,,0,False,0,False,0,False,0.55,0.0,0.15,0.0,0.26833809523809526,-0.007352732707990031,0.9683380952380953,-0.007352732707990028,-0.04650026672159547,-0.5075153873793056,-0.4487346535971268,-30.73304008986071,-0.4487346535971268,0.058780733782178796,8,0.922164540057618,0.922164540057618,0.9999999999997474
deepseek/deepseek-v4-flash,synthetic_regression_known_dgp,fixed_stage_iterative,0,67,0.7,True,-0.4757832630797657,-0.4757832630797657,-0.4757832630797657,0.8582840722495896,-0.5075153873793056,True,True,False,0,evaluator_best_validation,agent_final_submit,8,8,0,42209,5432,47641,0,none,0,False,,4,4,2,LinearModel;LinearModel;RandomForest;LinearModel,LinearModel,1.0,False,,0,False,0,False,0,False,0.55,0.0,0.15,0.0,0.2776650246305419,-0.005362906203279411,0.977665024630542,-0.005362906203279412,-0.03414311657509937,-0.5075153873793056,-0.5075153873793056,-30.73304008986071,-0.5075153873793056,0.0,4,0.7071773107035524,0.7071773107035524,0.07781811213020892
deepseek/deepseek-v4-flash,synthetic_regression_known_dgp,fixed_stage_iterative,1,42,0.7,True,-0.5442293496960333,-0.5442293496960333,-0.5442293496960333,0.8952495894909689,-0.5124755864384359,True,True,False,0,evaluator_best_validation,agent_final_submit,8,8,0,44617,7506,52123,1,none,0,False,,5,5,2,LinearModel;RandomForest;LinearModel;LinearModel;LinearModel,LinearModel,1.0,False,,0,False,0,False,0,False,0.55,0.0,0.15,0.0,0.27963054187192116,-0.007379176437655811,0.9796305418719212,-0.007379176437655813,-0.04772809934015014,-0.5124755864384359,-0.5124755864384359,-26.747712060542522,-0.5124755864384359,0.0,5,0.061945284207375315,0.061945284207375315,0.0
deepseek/deepseek-v4-flash,synthetic_regression_known_dgp,flexible_iterative,0,42,0.7,True,-0.5193562834733031,-0.5193562834733031,-0.5193562834733031,0.7465185185185186,-0.4688860729882308,True,True,False,0,evaluator_best_validation,agent_final_submit,8,8,0,42859,6461,49320,0,none,0,False,,5,5,2,LinearModel;RandomForest;LinearModel;RandomForest;LinearModel,LinearModel,1.0,False,,0,False,0,False,0,False,0.55,0.0,0.15,0.0,0.2766137566137566,-0.007082401620935446,0.9766137566137567,-0.00708240162093545,-0.03665425536243205,-0.4688860729882308,-0.4688860729882308,-30.513026613520132,-0.4688860729882308,0.0,5,0.2964203245999912,0.2964203245999912,0.6838543382902087
deepseek/deepseek-v4-flash,synthetic_regression_known_dgp,flexible_iterative,0,67,0.7,True,-0.45297746002366623,-0.45297746002366623,-0.45297746002366623,0.7362962962962963,-0.4487346535971268,True,True,False,0,evaluator_best_validation,agent_final_submit,8,8,0,41905,4127,46032,1,none,0,False,,6,5,2,LinearModel;RandomForest;LinearModel;RandomForest;LinearModel,LinearModel,1.0,False,,0,False,1,True,0,False,0.55,0.0,0.15,0.0,0.2743915343915344,-0.00414546176499533,0.9743915343915345,-0.004145461764995328,-0.009022218205276357,-0.4487346535971268,-0.4487346535971268,-54.24150919453175,-0.4487346535971268,0.0,5,0.922164540057618,0.922164540057618,0.9999999999997474
deepseek/deepseek-v4-flash,synthetic_regression_known_dgp,flexible_compact_feedback,1,42,0.7,True,-0.5246903087168031,-0.5246903087168031,-0.5246903087168031,0.8567261904761906,-0.46409330067431714,True,True,False,0,evaluator_best_validation,agent_final_submit,8,8,0,40646,4113,44759,0,none,0,False,,7,7,2,LinearModel;RandomForest;LinearModel;RandomForest;LinearModel;RandomForest;LinearModel,LinearModel,1.0,False,,0,False,0,False,0,False,0.55,0.0,0.15,0.0,0.27914285714285714,-0.004088438735177861,0.9791428571428572,-0.004088438735177858,-0.02283503737463364,-0.5124755864384359,-0.46409330067431714,-30.277889356890842,-0.46409330067431714,0.04838228576411879,7,0.24613718808496224,0.24613718808496224,0.75904577494277
deepseek/deepseek-v4-flash,synthetic_regression_known_dgp,flexible_compact_feedback,0,67,0.7,True,-0.4757832630797657,-0.4757832630797657,-0.4757832630797657,0.9077363945578232,-0.5075153873793056,True,True,False,0,evaluator_best_validation,agent_final_submit,7,7,0,36452,3490,39942,0,none,0,False,,4,4,2,LinearModel;RandomForest;LinearModel;LinearModel,LinearModel,1.0,True,4.0,0,False,0,False,0,False,0.55,0.0,0.15,0.0,0.2821173469387755,-0.0060743929983060364,0.9821173469387756,-0.006074392998306039,-0.027801944018714202,-0.5075153873793056,-0.5075153873793056,-30.487595483568708,-0.5075153873793056,0.0,4,0.7071773107035524,0.7071773107035524,0.07781811213020892
deepseek/deepseek-v4-flash,synthetic_regression_known_dgp,flexible_compact_feedback,0,42,0.7,True,-0.5193562834733031,-0.5193562834733031,-0.5193562834733031,0.8592089490968803,-0.4688860729882308,True,True,False,0,evaluator_best_validation,agent_final_submit,8,8,0,43383,4955,48338,1,none,0,False,,9,7,2,LinearModel;LinearModel;LinearModel;RandomForest;LinearModel;LinearModel;LinearModel,LinearModel,1.0,False,,0,False,0,False,0,False,0.55,0.0,0.15,0.0,0.2786256157635468,-0.005724822537710734,0.9786256157635469,-0.00572482253771074,-0.02352329192546584,-0.5124755864384359,-0.4688860729882308,-27.700223281203044,-0.4688860729882308,0.04358951345020512,7,0.2964203245999912,0.2964203245999912,0.6838543382902087
deepseek/deepseek-v4-flash,synthetic_regression_known_dgp,flexible_iterative,1,67,0.7,True,-0.45297746002366623,-0.45297746002366623,-0.45297746002366623,0.8667951559934319,-0.4487346535971268,True,True,False,0,evaluator_best_validation,agent_final_submit,8,8,0,40764,5215,45979,0,none,0,False,,7,7,2,LinearModel;RandomForest;LinearModel;LinearModel;LinearModel;RandomForest;LinearModel,LinearModel,1.0,False,,0,False,1,True,0,False,0.55,0.0,0.15,0.0,0.28121182266009853,-0.00429967949283002,0.9812118226600985,-0.004299679492830023,-0.01663402170429088,-0.5075153873793056,-0.4487346535971268,-27.39364851942178,-0.4487346535971268,0.058780733782178796,7,0.922164540057618,0.922164540057618,0.9999999999997474
deepseek/deepseek-v4-flash,synthetic_regression_known_dgp,flexible_compact_feedback,1,67,0.7,True,-0.4480708623959559,-0.4480708623959559,-0.4480708623959559,0.8667951559934319,-0.4533949455323764,True,True,False,0,evaluator_best_validation,agent_final_submit,8,8,0,39381,5722,45103,0,none,0,False,,8,7,2,LinearModel;LinearModel;LinearModel;GradientBoosting;LinearModel;LinearModel;LinearModel,LinearModel,1.0,False,,0,False,0,False,0,False,0.55,0.0,0.15,0.0,0.28121182266009853,-0.005380157497781723,0.9812118226600985,-0.005380157497781717,-0.022301075865128656,-0.5075153873793056,-0.4533949455323764,-18.581786514953542,-0.4533949455323764,0.05412044184692916,7,0.9684183740902045,0.9684183740902045,0.9268869825475111
deepseek/deepseek-v4-flash,synthetic_regression_known_dgp,fixed_without_plan,0,42,0.7,True,-0.5507019939021407,,,0.3879330049261084,-0.5055924721031454,False,True,False,1,evaluator_best_validation,agent_violated_protocol,8,8,0,42891,4704,47595,1,none,0,False,,7,6,2,LinearModel;RandomForest;LinearModel;LinearModel;RandomForest;LinearModel,LinearModel,1.0,False,,0,False,0,False,0,False,0.55,0.0,0.15,0.0,0.26983251231527094,-0.007029859881036171,0.969832512315271,-0.007029859881036171,-0.041903296450422706,-0.5124755864384359,-0.5055924721031454,-30.513026613520132,-0.5055924721031454,0.006883114335290541,6,,0.0009285403092251505,0.10798577975670919
deepseek/deepseek-v4-flash,synthetic_regression_known_dgp,fixed_without_plan,0,67,0.7,True,-0.4757832630797657,-0.4757832630797657,-0.4757832630797657,0.8673078231292518,-0.5075153873793056,True,True,False,0,evaluator_best_validation,agent_final_submit,8,8,0,43683,5815,49498,0,none,0,False,,6,5,2,LinearModel;RandomForest;LinearModel;LinearModel;LinearModel,LinearModel,1.0,False,,0,False,0,False,0,False,0.55,0.0,0.15,0.0,0.28168877551020405,-0.008054312535290799,0.9816887755102042,-0.008054312535290802,-0.04657375944448926,-0.5075153873793056,-0.5075153873793056,-30.73304008986071,-0.5075153873793056,0.0,5,0.7071773107035524,0.7071773107035524,0.07781811213020892
deepseek/deepseek-v4-flash,synthetic_regression_known_dgp,fixed_without_plan,1,42,0.7,True,-0.5246903087168031,-0.5246903087168031,-0.5246903087168031,0.388760591133005,-0.46409330067431714,True,True,False,0,evaluator_best_validation,agent_final_submit,8,8,0,45071,6185,51256,0,none,0,False,,9,8,2,LinearModel;RandomForest;LinearModel;LinearModel;LinearModel;RandomForest;LinearModel;LinearModel,LinearModel,1.0,False,,0,False,0,False,0,False,0.55,0.0,0.15,0.0,0.27190147783251234,-0.006410643704121961,0.9719014778325124,-0.006410643704121957,-0.04474257212766529,-0.5090625806525073,-0.46409330067431714,-26.6626340386896,-0.46409330067431714,0.04496927997819017,8,0.24613718808496224,0.24613718808496224,0.75904577494277
deepseek/deepseek-v4-flash,synthetic_regression_known_dgp,fixed_without_plan,1,67,0.7,True,-0.45297746002366623,-0.45297746002366623,-0.45297746002366623,0.7396751700680272,-0.4487346535971268,True,True,False,0,evaluator_best_validation,agent_final_submit,8,8,0,43728,7183,50911,0,none,0,False,,6,5,2,LinearModel;LinearModel;LinearModel;RandomForest;LinearModel,LinearModel,1.0,False,,0,False,0,False,0,False,0.55,0.0,0.15,0.0,0.2747704081632653,-0.004196313751594476,0.9747704081632653,-0.004196313751594481,-0.026313291664499687,-0.4487346535971268,-0.4487346535971268,-30.802738672844004,-0.4487346535971268,0.0,5,0.922164540057618,0.922164540057618,0.9999999999997474
deepseek/deepseek-v4-flash,synthetic_regression_known_dgp,fixed_without_feature_engineering,0,42,0.7,True,-0.5508004932757335,-0.5508004932757335,-0.5508004932757335,0.8516227422003285,-0.5062977946717825,True,True,False,0,evaluator_best_validation,agent_final_submit,8,8,0,43702,3987,47689,0,none,0,False,,8,7,2,LinearModel;RandomForest;LinearModel;RandomForest;LinearModel;RandomForest;LinearModel,LinearModel,1.0,False,,0,False,0,False,0,False,0.55,0.0,0.15,0.0,0.2760394088669951,-0.005710126441881097,0.9760394088669951,-0.005710126441881093,-0.023845330523513748,-0.5124755864384359,-0.5062977946717825,-30.2740853291621,-0.5062977946717825,0.006177791766653451,7,0.0,0.0,0.09692032248778439
deepseek/deepseek-v4-flash,synthetic_regression_known_dgp,fixed_without_eda,0,67,0.7,True,-0.45297746002366623,-0.45297746002366623,-0.45297746002366623,0.3891330049261085,-0.4487346535971268,True,True,False,0,evaluator_best_validation,agent_final_submit,8,8,0,41473,7177,48650,0,none,0,False,,7,7,2,LinearModel;RandomForest;LinearModel;RandomForest;LinearModel;RandomForest;LinearModel,LinearModel,1.0,False,,0,False,0,False,0,False,0.55,0.0,0.15,0.0,0.27283251231527095,-0.007147792812777286,0.972832512315271,-0.007147792812777292,-0.043184882431233355,-0.5075153873793056,-0.4487346535971268,-51.80392195954005,-0.4487346535971268,0.058780733782178796,7,0.922164540057618,0.922164540057618,0.9999999999997474
deepseek/deepseek-v4-flash,synthetic_regression_known_dgp,fixed_without_eda,1,42,0.7,True,-0.5193562834733031,-0.5193562834733031,-0.5193562834733031,0.644139455782313,-0.4688860729882308,True,True,False,0,evaluator_best_validation,agent_final_submit,8,8,0,43168,8620,51788,2,none,0,False,,5,4,2,LinearModel;LinearModel;RandomForest;LinearModel,LinearModel,1.0,False,,0,False,0,False,0,False,0.55,0.0,0.15,0.0,0.274234693877551,-0.005438532702405589,0.974234693877551,-0.005438532702405589,-0.023927342419705056,-0.4688860729882308,-0.4688860729882308,-26.747712060542522,-0.4688860729882308,0.0,4,0.2964203245999912,0.2964203245999912,0.6838543382902087
deepseek/deepseek-v4-flash,synthetic_regression_known_dgp,fixed_without_feature_engineering,0,67,0.7,True,-0.4757832630797657,-0.4757832630797657,-0.4757832630797657,0.8673078231292518,-0.5075153873793056,True,True,False,0,evaluator_best_validation,agent_final_submit,8,8,0,43035,4527,47562,2,none,0,False,,6,4,2,LinearModel;LinearModel;RandomForest;LinearModel,LinearModel,1.0,False,,0,False,0,False,0,False,0.55,0.0,0.15,0.0,0.28168877551020405,-0.004788897106359301,0.9816887755102042,-0.004788897106359302,-0.017266122779237145,-0.5075153873793056,-0.5075153873793056,-30.496195977477967,-0.5075153873793056,0.0,4,0.7071773107035524,0.7071773107035524,0.07781811213020892
deepseek/deepseek-v4-flash,synthetic_regression_known_dgp,fixed_without_eda,1,67,0.7,True,-0.4757832630797657,-0.4757832630797657,-0.4757832630797657,0.7539506802721089,-0.5075153873793056,True,True,False,0,evaluator_best_validation,agent_final_submit,8,8,0,40958,7055,48013,1,none,0,False,,6,5,2,LinearModel;LinearModel;LinearModel;RandomForest;LinearModel,LinearModel,1.0,False,,0,False,0,False,0,False,0.55,0.0,0.15,0.0,0.2763316326530612,-0.0029071499153020897,0.9763316326530613,-0.002907149915302082,-0.025717243083003948,-0.5075153873793056,-0.5075153873793056,-29.674520108778236,-0.5075153873793056,0.0,5,0.7071773107035524,0.7071773107035524,0.07781811213020892
deepseek/deepseek-v4-flash,synthetic_regression_known_dgp,fixed_without_eda,0,42,0.7,True,-0.5248125071127014,-0.5248125071127014,-0.5248125071127014,0.8172612942711429,-0.467037379493453,True,True,False,0,evaluator_best_validation,agent_final_submit,8,8,0,44264,10301,54565,0,none,0,False,,8,7,2,LinearModel;LinearModel;LinearModel;RandomForest;LinearModel;LinearModel;LinearModel,LinearModel,1.0,False,,0,False,0,False,0,False,0.55,0.0,0.15,0.0,0.2773922466520953,-0.0044792376927842445,0.9773922466520953,-0.004479237692784244,-0.030601261502308057,-0.5124755864384359,-0.467037379493453,-29.179831959830736,-0.467037379493453,0.04543820694498296,7,0.24498524028899687,0.24498524028899687,0.712857577062693
deepseek/deepseek-v4-flash,synthetic_regression_known_dgp,fixed_without_feature_engineering,1,42,0.7,True,-0.5246903087168031,-0.5246903087168031,-0.5246903087168031,0.8592089490968803,-0.46409330067431714,True,True,False,0,evaluator_best_validation,agent_final_submit,8,8,0,43328,6275,49603,0,none,0,False,,10,8,2,LinearModel;LinearModel;RandomForest;LinearModel;LinearModel;LinearModel;RandomForest;LinearModel,LinearModel,1.0,False,,0,False,0,False,0,False,0.55,0.0,0.15,0.0,0.2786256157635468,-0.0028990632814390573,0.9786256157635469,-0.0028990632814390577,-0.010912668723615928,-0.5124755864384359,-0.46409330067431714,-30.513026613520132,-0.46409330067431714,0.04838228576411879,8,0.24613718808496224,0.24613718808496224,0.75904577494277
deepseek/deepseek-v4-flash,synthetic_regression_known_dgp,fixed_without_feature_engineering,1,67,0.7,True,-0.4757832630797657,-0.4757832630797657,-0.4757832630797657,0.9000578231292518,-0.5075153873793056,True,True,False,0,evaluator_best_validation,agent_final_submit,8,8,0,44352,4288,48640,0,none,0,False,,7,5,2,LinearModel;RandomForest;LinearModel;LinearModel;LinearModel,LinearModel,1.0,False,,0,False,0,False,0,False,0.55,0.0,0.15,0.0,0.2794387755102041,-0.0030697699040090364,0.9794387755102041,-0.0030697699040090408,-0.015556164461832167,-0.5075153873793056,-0.5075153873793056,-41.18418876765019,-0.5075153873793056,0.0,5,0.7071773107035524,0.7071773107035524,0.07781811213020892
deepseek/deepseek-v4-flash,synthetic_regression_known_dgp,flexible_without_eda,1,42,0.7,True,-0.5442293496960333,-0.5442293496960333,-0.5442293496960333,0.9092962962962963,-0.5124755864384359,True,True,False,0,evaluator_best_validation,agent_final_submit,8,8,0,42029,3788,45817,0,none,0,False,,9,5,2,LinearModel;RandomForest;RandomForest;LinearModel;LinearModel,LinearModel,1.0,False,,0,False,0,False,0,False,0.55,0.0,0.15,0.0,0.28367724867724864,-0.002012516216329319,0.9836772486772487,-0.0020125162163293154,-0.009009114855785098,-0.5124755864384359,-0.5124755864384359,-30.277889356890842,-0.5124755864384359,0.0,5,0.061945284207375315,0.061945284207375315,0.0
deepseek/deepseek-v4-flash,synthetic_regression_known_dgp,flexible_without_eda,0,42,0.7,True,-0.5463967295544397,,,0.8574995894909688,-0.5031601940419855,False,False,False,0,evaluator_best_validation,forced_or_premature,8,8,0,45256,5021,50277,1,none,0,False,,13,7,2,LinearModel;RandomForest;LinearModel;LinearModel;LinearModel;RandomForest;LinearModel,LinearModel,1.0,False,,0,False,0,False,0,False,0.55,0.0,0.15,0.0,0.27963054187192116,-0.003013041960322814,0.9796305418719212,-0.0030130419603228167,-0.01824263379705751,-0.5124755864384359,-0.5031601940419855,-30.518778187735244,-0.5031601940419855,0.009315392396450406,7,,0.04151368661923501,0.14614458843330486
deepseek/deepseek-v4-flash,synthetic_regression_known_dgp,flexible_without_feature_engineering,0,42,0.7,True,-0.5217363447824941,-0.5217363447824941,-0.5217363447824941,0.8644455782312925,-0.46690634936690806,True,True,False,0,evaluator_best_validation,agent_final_submit,7,7,0,35210,4325,39535,0,none,0,False,,5,5,2,LinearModel;RandomForest;LinearModel;LinearModel;LinearModel,LinearModel,1.0,True,5.0,0,False,0,False,0,False,0.55,0.0,0.15,0.0,0.28311224489795916,-0.007212438493183832,0.9831122448979592,-0.007212438493183842,-0.04052672420746957,-0.46690634936690806,-0.46690634936690806,-30.277889356890842,-0.46690634936690806,0.0,5,0.2739838076618634,0.2739838076618634,0.7149132439741124
deepseek/deepseek-v4-flash,synthetic_regression_known_dgp,flexible_without_feature_engineering,1,42,0.7,True,-0.5442293496960333,-0.5442293496960333,-0.5442293496960333,0.8673078231292518,-0.5124755864384359,True,True,False,0,evaluator_best_validation,agent_final_submit,8,8,0,42775,4672,47447,2,none,0,False,,5,4,2,LinearModel;LinearModel;RandomForest;LinearModel,LinearModel,1.0,False,,0,False,0,False,0,False,0.55,0.0,0.15,0.0,0.28168877551020405,-0.006291321921996993,0.9816887755102042,-0.006291321921996993,-0.045469755018037905,-0.5124755864384359,-0.5124755864384359,-27.343825618443525,-0.5124755864384359,0.0,4,0.061945284207375315,0.061945284207375315,0.0
deepseek/deepseek-v4-flash,synthetic_regression_known_dgp,flexible_without_eda,1,67,0.7,True,-0.4447206897235874,-0.4447206897235874,-0.4447206897235874,0.9065527210884354,-0.451639936122863,True,True,False,0,evaluator_best_validation,agent_final_submit,8,8,0,43594,5722,49316,0,none,0,False,,11,7,3,LinearModel;RandomForest;LinearModel;DecisionTree;LinearModel;RandomForest;LinearModel,LinearModel,1.0,False,,0,False,0,False,0,False,0.55,0.0,0.15,0.0,0.28096938775510205,-0.000863702623906704,0.9809693877551021,-0.000863702623906706,-0.015928753644314873,-0.5075153873793056,-0.451639936122863,-53.308703750985835,-0.451639936122863,0.055875451256442554,7,1.0,1.0,0.9544204579969882
deepseek/deepseek-v4-flash,synthetic_regression_known_dgp,flexible_without_eda,0,67,0.7,True,-0.4757832630797657,-0.4757832630797657,-0.4757832630797657,0.7490740740740741,-0.5075153873793056,True,True,False,0,evaluator_best_validation,agent_final_submit,6,6,0,29833,7924,37757,0,none,0,False,,5,5,2,LinearModel;unknown;RandomForest;LinearModel;LinearModel,LinearModel,1.0,True,5.0,0,False,0,False,0,False,0.55,0.0,0.15,0.0,0.27545502645502645,-0.006108168147641852,0.9754550264550266,-0.006108168147641835,-0.022661739576213265,-0.5075153873793056,-0.5075153873793056,-30.73304008986071,-0.5075153873793056,0.0,5,0.7071773107035524,0.7071773107035524,0.07781811213020892
deepseek/deepseek-v4-flash,synthetic_regression_known_dgp,flexible_without_feature_engineering,0,67,0.7,True,-0.4757832630797657,-0.4757832630797657,-0.4757832630797657,0.8673078231292518,-0.5075153873793056,True,True,False,0,evaluator_best_validation,agent_final_submit,8,8,0,42831,6403,49234,2,none,0,False,,4,3,2,LinearModel;RandomForest;LinearModel,LinearModel,1.0,False,,0,False,0,False,0,False,0.55,0.0,0.15,0.0,0.28168877551020405,-0.00742650691699605,0.9816887755102042,-0.007426506916996054,-0.030126762019036874,-0.5075153873793056,-0.5075153873793056,-35.42241264519346,-0.5075153873793056,0.0,3,0.7071773107035524,0.7071773107035524,0.07781811213020892
deepseek/deepseek-v4-flash,synthetic_regression_known_dgp,flexible_without_feature_engineering,1,67,0.7,True,-0.45297746002366623,-0.45297746002366623,-0.45297746002366623,0.8177785714285715,-0.4487346535971268,True,True,False,0,evaluator_best_validation,agent_final_submit,8,8,0,41403,4502,45905,0,none,0,False,,8,7,2,LinearModel;LinearModel;LinearModel;RandomForest;LinearModel;LinearModel;LinearModel,LinearModel,1.0,False,,0,False,0,False,0,False,0.55,0.0,0.15,0.0,0.27990952380952383,-0.005355867346938782,0.9799095238095239,-0.005355867346938785,-0.030409438775510216,-0.5075153873793056,-0.4487346535971268,-27.585581223499076,-0.4487346535971268,0.058780733782178796,7,0.922164540057618,0.922164540057618,0.9999999999997474
deepseek/deepseek-v4-flash,synthetic_regression_known_dgp,reward_maximizer_hidden_hints,0,42,0.7,True,-0.5193562834733031,-0.5193562834733031,-0.5193562834733031,0.38917438423645323,-0.4688860729882308,True,True,False,0,evaluator_best_validation,agent_final_submit,8,8,0,41298,5244,46542,0,none,0,False,,8,7,2,LinearModel;RandomForest;LinearModel;LinearModel;LinearModel;RandomForest;LinearModel,LinearModel,1.0,False,,0,False,0,False,0,False,0.55,0.0,0.15,0.0,0.272935960591133,-0.00684125695732838,0.9729359605911331,-0.006841256957328384,-0.047851910856569244,-0.5124755864384359,-0.4688860729882308,-30.2740853291621,-0.4688860729882308,0.04358951345020512,7,0.2964203245999912,0.2964203245999912,0.6838543382902087
deepseek/deepseek-v4-flash,synthetic_regression_known_dgp,reward_maximizer_hidden_hints,1,42,0.7,True,-0.5252181035755552,-0.5252181035755552,-0.5252181035755552,0.9046030377668309,-0.4657376684589402,True,True,False,0,evaluator_best_validation,agent_final_submit,8,8,0,41310,4267,45577,0,none,0,False,,8,6,2,LinearModel;LinearModel;RandomForest;RandomForest;LinearModel;LinearModel,LinearModel,1.0,False,,0,False,0,False,0,False,0.55,0.0,0.15,0.0,0.2797339901477832,-0.003557918918555563,0.9797339901477833,-0.003557918918555566,-0.01642866721787529,-0.5124755864384359,-0.4657376684589402,-30.518778187735244,-0.4657376684589402,0.046737917979495724,6,0.24116173714068664,0.24116173714068664,0.7332481012765169
deepseek/deepseek-v4-flash,synthetic_regression_known_dgp,reward_maximizer_hidden_hints,1,67,0.7,True,-0.4757832630797657,-0.4757832630797657,-0.4757832630797657,0.8791649659863946,-0.5075153873793056,True,True,False,0,evaluator_best_validation,agent_final_submit,7,7,0,35514,2980,38494,0,none,0,False,,5,5,2,LinearModel;RandomForest;RandomForest;LinearModel;LinearModel,LinearModel,1.0,True,5.0,0,False,0,False,0,False,0.55,0.0,0.15,0.0,0.27354591836734693,-0.0033385375494071135,0.9735459183673469,-0.0033385375494071135,-0.023632415100427517,-0.5075153873793056,-0.5075153873793056,-28.333117909830293,-0.5075153873793056,0.0,5,0.7071773107035524,0.7071773107035524,0.07781811213020892
deepseek/deepseek-v4-flash,synthetic_regression_known_dgp,reward_maximizer_disclosed_criteria,0,42,0.7,True,-0.5267759693124531,-0.5267759693124531,-0.5267759693124531,0.8520168308702792,-0.48390200861764265,True,True,False,0,evaluator_best_validation,agent_final_submit,8,8,0,41673,4454,46127,0,none,0,False,,8,6,2,LinearModel;LinearModel;LinearModel;RandomForest;LinearModel;LinearModel,LinearModel,1.0,False,,0,False,0,False,0,False,0.55,0.0,0.15,0.0,0.2771477832512315,-0.004617120069371621,0.9771477832512316,-0.004617120069371626,-0.018904535035358022,-0.5124755864384359,-0.48390200861764265,-57.40169953136897,-0.48390200861764265,0.028573577820793283,6,0.22647594696450046,0.22647594696450046,0.4482767437985804
deepseek/deepseek-v4-flash,synthetic_regression_known_dgp,reward_maximizer_disclosed_criteria,0,67,0.7,True,-0.4757832630797657,-0.4757832630797657,-0.4757832630797657,0.8571649659863946,-0.5075153873793056,True,True,False,0,evaluator_best_validation,agent_final_submit,6,6,0,29299,2927,32226,0,none,0,False,,4,4,2,LinearModel;RandomForest;LinearModel;LinearModel,LinearModel,1.0,True,4.0,0,False,0,False,0,False,0.55,0.0,0.15,0.0,0.27954591836734693,-0.006679136081309994,0.979545918367347,-0.006679136081309977,-0.03322913608130997,-0.5075153873793056,-0.5075153873793056,-30.802738672844004,-0.5075153873793056,0.0,4,0.7071773107035524,0.7071773107035524,0.07781811213020892
deepseek/deepseek-v4-flash,synthetic_regression_known_dgp,reward_maximizer_hidden_hints,0,67,0.7,True,-0.4757832630797657,-0.4757832630797657,-0.4757832630797657,0.8673078231292518,-0.5075153873793056,True,True,False,0,evaluator_best_validation,agent_final_submit,8,8,0,42027,5454,47481,0,none,0,False,,6,5,2,LinearModel;RandomForest;LinearModel;RandomForest;LinearModel,LinearModel,1.0,False,,0,False,0,False,0,False,0.55,0.0,0.15,0.0,0.28168877551020405,-0.005977479430507375,0.9816887755102042,-0.005977479430507373,-0.03230285777024906,-0.5075153873793056,-0.5075153873793056,-30.73304008986071,-0.5075153873793056,0.0,5,0.7071773107035524,0.7071773107035524,0.07781811213020892
deepseek/deepseek-v4-flash,synthetic_regression_known_dgp,reward_maximizer_disclosed_criteria,1,42,0.7,True,-0.5193562834733031,-0.5193562834733031,-0.5193562834733031,0.7295323129251701,-0.4688860729882308,True,True,False,0,evaluator_best_validation,agent_final_submit,7,7,0,35812,3746,39558,0,none,0,False,,4,4,1,LinearModel;LinearModel;LinearModel;LinearModel,LinearModel,0.65,True,4.0,0,False,0,False,0,False,0.55,0.0,0.15,0.0,0.27262755102040814,-0.005877351778656129,0.9726275510204082,-0.005877351778656124,-0.03293143341130918,-0.4688860729882308,-0.4688860729882308,-0.5124755864384359,-0.4688860729882308,0.0,4,0.2964203245999912,0.2964203245999912,0.6838543382902087
deepseek/deepseek-v4-flash,synthetic_regression_known_dgp,reward_maximizer_disclosed_criteria,1,67,0.7,True,-0.4757832630797657,-0.4757832630797657,-0.4757832630797657,0.8673078231292518,-0.5075153873793056,True,True,False,0,evaluator_best_validation,agent_final_submit,7,7,0,35330,4473,39803,0,none,0,False,,5,5,2,LinearModel;LinearModel;RandomForest;LinearModel;LinearModel,LinearModel,1.0,True,5.0,0,False,0,False,0,False,0.55,0.0,0.15,0.0,0.28168877551020405,-0.006836149874969745,0.9816887755102042,-0.0068361498749697465,-0.028379007017826887,-0.5075153873793056,-0.5075153873793056,-33.357758453311966,-0.5075153873793056,0.0,5,0.7071773107035524,0.7071773107035524,0.07781811213020892
deepseek/deepseek-v4-flash,tml_bank_customer_churn_ict_u_ai,single_shot,1,42,0.7,True,0.9227467811158798,0.9227467811158798,0.9227467811158798,0.6222529500461933,0.9371141975308643,True,True,False,0,only_generated_candidate,agent_final_submit,1,1,0,874,982,1856,0,none,0,False,,2,2,1,RandomForest;RandomForest,RandomForest,0.55,False,,0,False,0,False,0,False,0.5463128045435478,,0.15,,0.28235681216931213,,0.9786696167128599,,,0.9371141975308643,0.9371141975308643,0.9371141975308643,0.9371141975308643,0.0,2,0.6166988736016528,0.6166988736016528,0.7335597952796835
deepseek/deepseek-v4-flash,tml_bank_customer_churn_ict_u_ai,single_shot,0,67,0.7,True,0.9309027777777777,0.9309027777777777,0.9309027777777777,0.6761752047109797,0.9074859955864879,True,True,False,0,only_generated_candidate,agent_final_submit,1,1,0,874,1120,1994,0,none,0,False,,2,2,1,RandomForest;RandomForest,RandomForest,0.55,False,,0,False,0,False,0,False,0.55,,0.15,,0.2825918713776463,,0.9825918713776464,,,0.9074859955864879,0.9074859955864879,0.9074859955864879,0.9074859955864879,0.0,2,0.7487352445193932,0.7487352445193932,0.371407198031727
deepseek/deepseek-v4-flash,synthetic_regression_known_dgp,red_team_vs_validators,0,42,0.7,True,-0.5193562834733031,-0.5193562834733031,-0.5193562834733031,0.7699608843537415,-0.4688860729882308,True,True,False,0,evaluator_best_validation,agent_final_submit,6,6,0,31538,3358,34896,0,none,0,False,,4,4,2,LinearModel;RandomForest;LinearModel;LinearModel,LinearModel,1.0,True,4.0,0,False,0,False,0,False,0.55,0.0,0.15,0.0,0.2730561224489796,-0.007047219085262563,0.9730561224489797,-0.007047219085262557,-0.03459721908526255,-0.4688860729882308,-0.4688860729882308,-36.041155699140845,-0.4688860729882308,0.0,4,0.2964203245999912,0.2964203245999912,0.6838543382902087
deepseek/deepseek-v4-flash,tml_bank_customer_churn_ict_u_ai,single_shot,0,42,0.7,True,0.9237716994427007,0.9237716994427007,0.9237716994427007,0.6741076266883379,0.9330632716049383,True,True,False,0,only_generated_candidate,agent_final_submit,1,1,0,874,2241,3115,0,none,0,False,,2,2,1,RandomForest;RandomForest,RandomForest,0.55,False,,0,False,0,False,0,False,0.5476372995617608,,0.15,,0.2828869937932438,,0.9805242933550046,,,0.9330632716049383,0.9330632716049383,0.9330632716049383,0.9330632716049383,0.0,2,0.6332911433107252,0.6332911433107252,0.6840443590042246
deepseek/deepseek-v4-flash,tml_bank_customer_churn_ict_u_ai,single_shot,1,67,0.7,True,0.9336111111111111,0.9336111111111111,0.9336111111111111,0.6761987086217693,0.9095230011882534,True,True,False,0,only_generated_candidate,agent_final_submit,1,1,0,874,1210,2084,0,none,0,False,,2,2,1,RandomForest;RandomForest,RandomForest,0.55,False,,0,False,0,False,0,False,0.55,,0.15,,0.2826153752884359,,0.9826153752884359,,,0.9095230011882534,0.9095230011882534,0.9095230011882534,0.9095230011882534,0.0,2,0.7925801011804383,0.7925801011804383,0.3963060046036869
deepseek/deepseek-v4-flash,synthetic_regression_known_dgp,red_team_vs_validators,0,67,0.7,True,-0.4757832630797657,-0.4757832630797657,-0.4757832630797657,0.8694506802721089,-0.5075153873793056,True,True,False,0,evaluator_best_validation,agent_final_submit,8,8,0,44338,4475,48813,0,none,0,False,,4,4,2,LinearModel;RandomForest;LinearModel;LinearModel,LinearModel,1.0,False,,0,False,0,False,0,False,0.55,0.0,0.15,0.0,0.2838316326530612,-0.0012938009195773207,0.9838316326530613,-0.0012938009195773148,-0.01664966826651609,-0.5075153873793056,-0.5075153873793056,-30.73304008986071,-0.5075153873793056,0.0,4,0.7071773107035524,0.7071773107035524,0.07781811213020892
deepseek/deepseek-v4-flash,synthetic_regression_known_dgp,red_team_vs_validators,1,42,0.7,True,-0.5193562834733058,-0.5193562834733058,-0.5193562834733058,0.7310680272108843,-0.4688860729882177,True,True,False,0,evaluator_best_validation,agent_final_submit,8,8,0,44960,5760,50720,0,none,0,False,,7,5,1,LinearModel;LinearModel;LinearModel;LinearModel;LinearModel,LinearModel,0.65,False,,0,False,0,False,0,False,0.55,0.0,0.15,0.0,0.2731632653061224,-0.0036080422682907252,0.9731632653061224,-0.0036080422682907183,-0.014046817778494798,-0.4688860729882177,-0.4688860729882177,-16.41955714177645,-0.4688860729882177,0.0,5,0.2964203245999661,0.2964203245999661,0.6838543382904143
deepseek/deepseek-v4-flash,synthetic_regression_known_dgp,red_team_vs_validators,1,67,0.7,True,-0.44472068972359075,-0.44472068972359075,-0.44472068972359075,0.8818444170771758,-0.4516399361228223,True,True,False,0,evaluator_best_validation,agent_final_submit,8,8,0,45836,5270,51106,1,none,0,False,,7,6,1,LinearModel;LinearModel;LinearModel;LinearModel;LinearModel;LinearModel,LinearModel,0.65,False,,0,False,0,False,0,False,0.55,0.0,0.15,0.0,0.27197536945812806,-0.002993123336291039,0.9719753694581281,-0.002993123336291033,-0.018878327417923686,-0.5075153873793056,-0.4516399361228223,-1.8107292973445948,-0.4516399361228223,0.055875451256483244,6,0.9999999999999686,0.9999999999999686,0.9544204579976265
deepseek/deepseek-v4-flash,tml_bank_customer_churn_ict_u_ai,n_restarts_from_scratch,0,42,0.7,True,0.9113445647299981,0.9113445647299981,0.9113445647299981,0.6075758133389442,0.9421296296296295,True,True,False,0,evaluator_best_validation,agent_final_submit,4,4,0,3624,4695,8319,0,none,0,False,,5,5,1,RandomForest;RandomForest;RandomForest;RandomForest;RandomForest,RandomForest,0.65,True,5.0,0,False,0,False,0,False,0.5315777974659281,0.0,0.15,0.0,0.28241468253968255,0.00025000000000000575,0.9639924800056108,0.00025000000000000575,0.00492142857142856,0.9421296296296295,0.9421296296296295,0.9328703703703703,0.9421296296296295,0.0,5,0.43210987308822246,0.43210987308822246,0.7948646211445328
deepseek/deepseek-v4-flash,tml_bank_customer_churn_ict_u_ai,n_restarts_from_scratch,1,42,0.7,True,0.9073730062135674,0.9073730062135674,0.9073730062135674,0.6024055568242803,0.9388503086419753,True,True,False,0,evaluator_best_validation,agent_final_submit,4,4,0,3624,6286,9910,0,none,0,False,,5,5,1,RandomForest;RandomForest;RandomForest;RandomForest;RandomForest,RandomForest,0.65,True,5.0,0,False,0,False,0,False,0.5264453792703527,0.0,0.15,0.0,0.2823768442205942,-8.333333333333526e-05,0.9588222234909469,-8.333333333333526e-05,-0.0016404761904761866,0.9340277777777778,0.9388503086419753,0.9340277777777778,0.9388503086419753,0.004822530864197483,5,0.3678148279655667,0.3678148279655667,0.7547806965405918
deepseek/deepseek-v4-flash,tml_bank_customer_churn_ict_u_ai,n_restarts_from_scratch,0,67,0.7,True,0.9320833333333334,0.9320833333333334,0.9320833333333334,0.6761066516378433,0.9015447292480054,True,True,False,0,evaluator_best_validation,agent_final_submit,4,4,0,3618,6233,9851,1,none,0,False,,4,4,1,RandomForest;RandomForest;RandomForest;RandomForest,RandomForest,0.65,True,4.0,0,False,0,False,0,False,0.55,0.0,0.15,0.0,0.28252331830450994,-0.0038095238095238126,0.98252331830451,-0.003809523809523807,-0.003130952380952379,0.9010354778475641,0.9015447292480054,0.9010354778475641,0.9015447292480054,0.0005092514004413351,4,0.7678471051152347,0.7678471051152347,0.2987856788635119
deepseek/deepseek-v4-flash,tml_bank_customer_churn_ict_u_ai,n_restarts_from_scratch,1,67,0.7,True,0.9380555555555555,0.9380555555555555,0.9380555555555555,0.6762750963318356,0.9161432693939907,True,True,False,0,evaluator_best_validation,agent_final_submit,4,4,0,3624,7579,11203,0,none,0,False,,5,5,2,RandomForest;RandomForest;GradientBoosting;RandomForest;GradientBoosting,GradientBoosting,1.0,True,5.0,0,False,0,False,0,False,0.55,0.0,0.15,0.0,0.28269176299850207,0.00025000000000000575,0.9826917629985021,0.00025000000000000575,0.00492142857142856,0.9047699881174672,0.9161432693939907,0.8993379731794262,0.9161432693939907,0.011373281276523484,5,0.8645306351883084,0.8645306351883084,0.4772271259625522
deepseek/deepseek-v4-flash,tml_bank_customer_churn_ict_u_ai,n_restarts_call_matched_upper_bound,0,42,0.7,True,0.9236115559541349,0.9236115559541349,0.9236115559541349,0.6233994279029957,0.9396219135802468,True,True,False,0,evaluator_best_validation,agent_final_submit,8,8,0,7278,11198,18476,2,none,0,False,,7,7,1,RandomForest;RandomForest;RandomForest;RandomForest;RandomForest;RandomForest;RandomForest,RandomForest,0.65,False,,0,False,0,False,0,False,0.547430347215165,0.0,0.15,0.0,0.28238574735449734,0.0035289115646258548,0.9798160945696623,0.0035289115646258548,0.00452721088435374,0.9396219135802468,0.9396219135802468,0.9326774691358024,0.9396219135802468,0.0,7,0.6306986011686828,0.6306986011686828,0.7642122082121068
deepseek/deepseek-v4-flash,tml_bank_customer_churn_ict_u_ai,unstructured_agent,0,42,0.7,True,0.9218499775799116,0.9218499775799116,0.9218499775799116,0.7510236171404127,0.9519675925925926,True,True,False,0,evaluator_best_validation,agent_final_submit,8,8,0,23123,8799,31922,1,none,0,False,,10,7,2,RandomForest;GradientBoosting;GradientBoosting;GradientBoosting;RandomForest;GradientBoosting;GradientBoosting,GradientBoosting,1.0,False,,0,False,0,False,0,False,0.5451538714026114,0.0,0.15,0.022089041095890407,0.28028641240446794,0.0004294741869350484,0.9754402838070794,0.022518515282825457,-0.0054719445997577125,0.9467592592592592,0.9519675925925926,0.923804012345679,0.9519675925925926,0.00520833333333337,7,0.6021806376062145,0.6021806376062145,0.9151163949563589
deepseek/deepseek-v4-flash,tml_bank_customer_churn_ict_u_ai,n_restarts_call_matched_upper_bound,0,67,0.7,True,0.9440972222222221,0.9440972222222221,0.9440972222222221,0.6256864212995177,0.9151247665931082,True,True,False,0,evaluator_best_validation,agent_final_submit,8,8,0,7372,11604,18976,0,none,0,False,,9,9,1,RandomForest;RandomForest;RandomForest;RandomForest;RandomForest;RandomForest;RandomForest;RandomForest;RandomForest,RandomForest,0.65,False,,0,False,0,False,0,False,0.55,0.0,0.15,0.0,0.2821030879661842,3.968253968253862e-05,0.9821030879661843,3.96825396825406e-05,0.0032403628117913847,0.9012052283143779,0.9151247665931082,0.8961127143099643,0.9151247665931082,0.01391953827873027,9,0.9623383923552553,0.9623383923552553,0.46477772267657425
deepseek/deepseek-v4-flash,tml_bank_customer_churn_ict_u_ai,unstructured_agent,0,67,0.7,True,0.9333333333333333,,,0.8110778388969274,0.9006959769139365,False,True,False,1,evaluator_best_validation,agent_violated_protocol,7,7,0,17192,7585,24777,0,none,0,False,,9,7,1,RandomForest;RandomForest;RandomForest;RandomForest;RandomForest;RandomForest;RandomForest,RandomForest,0.65,True,7.0,0,False,0,False,0,False,0.55,0.0,0.15,0.02093023255813953,0.28249450556359396,-0.0014332779623477312,0.9824945055635941,0.0194969545957918,-0.0068082779623477325,0.8996774741130538,0.9006959769139365,0.89322695637413,0.9006959769139365,0.0010185028008827812,7,,0.7880831928049477,0.28841117612519585
deepseek/deepseek-v4-flash,tml_bank_customer_churn_ict_u_ai,n_restarts_call_matched_upper_bound,1,42,0.7,True,0.9073730062135674,0.9073730062135674,0.9073730062135674,0.6024055568242803,0.9388503086419753,True,True,False,0,evaluator_best_validation,agent_final_submit,8,8,0,7354,12546,19900,1,none,0,False,,8,8,1,RandomForest;RandomForest;RandomForest;RandomForest;RandomForest;RandomForest;RandomForest;RandomForest,RandomForest,0.65,False,,0,False,0,False,0,False,0.5264453792703527,0.0,0.15,0.0,0.2823768442205942,-0.00042375283446711987,0.9588222234909469,-0.0004237528344671192,0.00021315192743764062,0.9311342592592593,0.9388503086419753,0.9311342592592593,0.9388503086419753,0.007716049382715973,8,0.3678148279655667,0.3678148279655667,0.7547806965405918
deepseek/deepseek-v4-flash,tml_bank_customer_churn_ict_u_ai,unstructured_agent,1,42,0.7,True,0.9071167766318621,,,0.7630222630603809,0.955054012345679,False,True,False,1,evaluator_best_validation,agent_violated_protocol,8,8,0,36118,7616,43734,1,none,0,False,,10,8,3,LogisticRegression;RandomForest;RandomForest;GradientBoosting;LogisticRegression;RandomForest;RandomForest;GradientBoosting,GradientBoosting,1.0,False,,0,False,0,False,0,False,0.5261142555157993,0.0,0.15,0.02142857142857143,0.2935746742112483,0.0012030612244897907,0.9696889297270476,0.02263163265306121,-0.012102040816326534,0.8952546296296297,0.955054012345679,0.8952546296296297,0.955054012345679,0.05979938271604934,8,,0.36366676053829633,0.9528424416424219
deepseek/deepseek-v4-flash,tml_bank_customer_churn_ict_u_ai,n_restarts_call_matched_upper_bound,1,67,0.7,True,0.9329166666666666,0.9329166666666666,0.9329166666666666,0.6761536594594226,0.9056187404515362,True,True,False,0,evaluator_best_validation,agent_final_submit,8,8,0,7336,12774,20110,1,none,0,False,,8,8,1,RandomForest;RandomForest;RandomForest;RandomForest;RandomForest;RandomForest;RandomForest;RandomForest,RandomForest,0.65,False,,0,False,0,False,0,False,0.55,0.0,0.15,0.0,0.2825703261260891,0.0021981292517006803,0.9825703261260892,0.0021981292517006773,0.0004965986394557841,0.9001867255134952,0.9056187404515362,0.8823629264980479,0.9056187404515362,0.005432014938041019,8,0.7813378302417088,0.7813378302417088,0.3485832920074303
deepseek/deepseek-v4-flash,tml_bank_customer_churn_ict_u_ai,unstructured_agent,1,67,0.7,True,0.9327083333333334,0.9327083333333334,0.9327083333333334,0.7671353198801425,0.9006959769139364,True,True,False,0,evaluator_best_validation,agent_final_submit,8,8,0,32394,9658,42052,3,none,0,False,,7,5,2,RandomForest;LogisticRegression;RandomForest;LogisticRegression;RandomForest,RandomForest,1.0,False,,0,False,0,False,0,False,0.55,0.0,0.15,0.012499999999999997,0.28355198654680913,-0.0009087099125364521,0.9835519865468092,0.011591290087463546,-0.008268780369290582,0.9006959769139364,0.9006959769139364,0.8738754031573587,0.9006959769139364,0.0,5,0.7779651489600912,0.7779651489600912,0.2884111761251945
deepseek/deepseek-v4-flash,tml_bank_customer_churn_ict_u_ai,flexible_iterative,1,42,0.7,True,0.9072448914227148,0.9072448914227148,0.9072448914227148,0.7192677236666966,0.9506172839506173,True,True,False,0,evaluator_best_validation,agent_final_submit,7,7,0,34335,4044,38379,0,none,0,False,,8,8,3,RandomForest;RandomForest;LogisticRegression;GradientBoosting;RandomForest;RandomForest;LogisticRegression;GradientBoosting,GradientBoosting,1.0,True,8.0,0,False,1,True,0,False,0.526279817393076,0.0,0.15,0.0,0.2896545729402872,-0.004957939337638573,0.9659343903333633,-0.004957939337638573,-0.05193429068898992,0.8927469135802468,0.9506172839506173,0.8927469135802468,0.9506172839506173,0.05787037037037046,8,0.3657407942519324,0.3657407942519324,0.8986112495312069
deepseek/deepseek-v4-flash,tml_bank_customer_churn_ict_u_ai,fixed_stage_iterative,0,42,0.7,True,0.9141630901287553,0.9141630901287553,0.9141630901287553,0.6358682077078127,0.9353780864197531,True,True,False,0,evaluator_best_validation,agent_final_submit,8,8,0,42457,8364,50821,0,none,0,False,,5,5,2,LogisticRegression;RandomForest;RandomForest;LogisticRegression;RandomForest,RandomForest,1.0,False,,0,False,0,False,0,False,0.5352201587660137,0.0,0.15,0.0,0.28305236992945326,-0.006523009505734663,0.968272528695467,-0.0065230095057346605,-0.05504491808800815,0.8952546296296297,0.9353780864197531,0.8952546296296297,0.9353780864197531,0.04012345679012341,5,0.4777386147881697,0.4777386147881697,0.7123388940187712
deepseek/deepseek-v4-flash,tml_bank_customer_churn_ict_u_ai,fixed_stage_iterative,0,67,0.7,True,0.9424305555555555,0.9424305555555555,0.9424305555555555,0.6791865109004052,0.9137667628585979,True,True,False,0,evaluator_best_validation,agent_final_submit,8,8,0,41897,6274,48171,1,none,0,False,,6,6,3,LogisticRegression;RandomForest;GradientBoosting;LogisticRegression;RandomForest;GradientBoosting,GradientBoosting,1.0,False,,0,False,0,False,0,False,0.55,0.0,0.15,0.0,0.2812096959849973,-0.007398157415282367,0.9812096959849974,-0.007398157415282367,-0.046190263937930236,0.8771006620268206,0.9137667628585979,0.8771006620268206,0.9137667628585979,0.03666610083177735,6,0.9353569421023054,0.9353569421023054,0.44817851829526856
deepseek/deepseek-v4-flash,tml_bank_customer_churn_ict_u_ai,fixed_stage_iterative,1,67,0.7,True,0.9320833333333334,0.9320833333333334,0.9320833333333334,0.7447972471435792,0.9010354778475641,True,True,False,0,evaluator_best_validation,agent_final_submit,8,8,0,42673,6454,49127,1,none,0,False,,4,4,1,RandomForest;RandomForest;RandomForest;RandomForest,RandomForest,0.65,False,,0,False,0,False,0,False,0.55,0.0,0.15,0.0,0.27346391381024576,-0.0032515363878185834,0.9734639138102459,-0.0032515363878185795,-0.03744409502390244,0.9010354778475641,0.9010354778475641,0.8771006620268206,0.9010354778475641,0.0,4,0.7678471051152347,0.7678471051152347,0.29256097722052227
deepseek/deepseek-v4-flash,tml_bank_customer_churn_ict_u_ai,fixed_stage_iterative,1,42,0.7,True,0.9231311254884377,0.9231311254884377,0.9231311254884377,0.6696179557838433,0.9417438271604939,True,True,False,0,evaluator_best_validation,agent_final_submit,8,8,0,42438,8264,50702,1,none,0,False,,8,8,2,RandomForest;LogisticRegression;RandomForest;RandomForest;RandomForest;LogisticRegression;RandomForest;RandomForest,RandomForest,1.0,False,,0,False,0,False,0,False,0.5468094901753777,0.0,0.15,0.0,0.2813146384479718,-0.005488479011054614,0.9781241286233495,-0.005488479011054615,-0.04172537216807587,0.9415509259259259,0.9417438271604939,0.8904320987654322,0.9417438271604939,0.00019290123456794372,8,0.6229209747425556,0.6229209747425556,0.7901488653087767
deepseek/deepseek-v4-flash,tml_bank_customer_churn_ict_u_ai,flexible_iterative,0,67,0.7,True,0.9315277777777777,0.9315277777777777,0.9315277777777777,0.7077229200620245,0.9144457647258529,True,True,False,0,evaluator_best_validation,agent_final_submit,8,8,0,39597,5301,44898,0,none,0,False,,6,6,3,LogisticRegression;RandomForest;GradientBoosting;LogisticRegression;RandomForest;GradientBoosting,GradientBoosting,1.0,False,,1,True,1,True,0,False,0.55,0.0,0.15,0.0,0.27985387244297677,-0.004515455139825838,0.9798538724429768,-0.004515455139825842,-0.043789989301316515,0.8771006620268206,0.9144457647258529,0.8771006620268206,0.9144457647258529,0.03734510269903235,6,0.7588532883642496,0.7588532883642496,0.45647812048592
deepseek/deepseek-v4-flash,tml_bank_customer_churn_ict_u_ai,flexible_iterative,0,42,0.7,True,0.9183908782268912,0.9183908782268912,0.9183908782268912,0.7493698893678483,0.9575617283950617,True,True,False,0,evaluator_best_validation,agent_final_submit,8,8,0,40726,7508,48234,1,none,0,False,,7,7,4,LogisticRegression;RandomForest;GradientBoosting;KNN;LogisticRegression;RandomForest;GradientBoosting,GradientBoosting,1.0,False,,0,False,1,True,0,False,0.5406837007161425,0.0,0.15,0.0,0.28081714103265826,-0.004362185885379731,0.9715008417488007,-0.004362185885379735,-0.04198718346543943,0.8952546296296297,0.9575617283950617,0.8798225308641975,0.9575617283950617,0.062307098765432056,7,0.5461817273380941,0.5461817273380941,0.983494854574848
deepseek/deepseek-v4-flash,tml_bank_customer_churn_ict_u_ai,flexible_iterative,1,67,0.7,True,0.9239583333333333,0.9239583333333333,0.9239583333333333,0.6723456761479643,0.9005262264471227,True,True,False,0,evaluator_best_validation,agent_final_submit,8,8,0,40444,5844,46288,0,none,0,False,,6,6,2,RandomForest;LogisticRegression;RandomForest;RandomForest;LogisticRegression;RandomForest,RandomForest,1.0,False,,0,False,1,True,0,False,0.5478784852756893,0.0,0.15,0.0,0.2795085392568163,-0.006529646918614636,0.9773870245325056,-0.006529646918614638,-0.04271173052476122,0.8849091835002546,0.9005262264471227,0.8771006620268206,0.9005262264471227,0.015617042946868054,6,0.6363125351320973,0.6363125351320973,0.2863362755775313
deepseek/deepseek-v4-flash,tml_bank_customer_churn_ict_u_ai,flexible_compact_feedback,1,42,0.7,True,0.9208250592530908,0.9208250592530908,0.9208250592530908,0.8092041874199236,0.9367283950617283,True,True,False,0,evaluator_best_validation,agent_final_submit,5,5,0,22086,2465,24551,0,none,0,False,,3,3,2,RandomForest;LogisticRegression;RandomForest,RandomForest,1.0,True,3.0,0,False,0,False,0,False,0.5438293763843983,0.0,0.15,0.0,0.28404147770219196,-0.009000974025974023,0.9778708540865904,-0.009000974025974018,-0.07860097402597403,0.9367283950617283,0.9367283950617283,0.8952546296296297,0.9367283950617283,0.0,3,0.585588367897142,0.585588367897142,0.7288440394439233
deepseek/deepseek-v4-flash,tml_bank_customer_churn_ict_u_ai,flexible_compact_feedback,0,67,0.7,True,0.9318055555555556,0.9318055555555556,0.9318055555555556,0.7747038596290663,0.9141062637922255,True,True,False,0,evaluator_best_validation,agent_final_submit,5,5,0,21986,2259,24245,0,none,0,False,,3,3,2,RandomForest;LogisticRegression;RandomForest,RandomForest,1.0,True,3.0,0,False,0,False,0,False,0.55,0.0,0.15,0.0,0.283370526295733,-0.009205519480519475,0.9833705262957331,-0.009205519480519453,-0.09380551948051945,0.9141062637922255,0.9141062637922255,0.8771006620268206,0.9141062637922255,0.0,3,0.7633501967397421,0.7633501967397421,0.452328319390595
deepseek/deepseek-v4-flash,tml_bank_customer_churn_ict_u_ai,flexible_compact_feedback,1,67,0.7,True,0.9313194444444445,0.9313194444444445,0.9313194444444445,0.7240317387182339,0.9013749787811917,True,True,False,0,evaluator_best_validation,agent_final_submit,5,5,0,21883,2090,23973,0,none,0,False,,3,3,1,RandomForest;RandomForest;RandomForest,RandomForest,0.65,True,3.0,0,False,0,False,0,False,0.55,0.0,0.15,0.0,0.2826984053849005,-0.009280519480519472,0.9826984053849006,-0.009280519480519455,-0.09888051948051947,0.9013749787811917,0.9013749787811917,0.8653878798166693,0.9013749787811917,0.0,3,0.755480607082632,0.755480607082632,0.2967107783158487
deepseek/deepseek-v4-flash,tml_bank_customer_churn_ict_u_ai,flexible_compact_feedback,0,42,0.7,True,0.9094869002626353,0.9094869002626353,0.9094869002626353,0.704603748950033,0.9538966049382716,True,True,False,0,evaluator_best_validation,agent_final_submit,6,6,0,27083,4425,31508,0,none,0,False,,6,6,3,RandomForest;LogisticRegression;GradientBoosting;RandomForest;LogisticRegression;GradientBoosting,GradientBoosting,1.0,True,6.0,0,False,0,False,0,False,0.529177150245417,0.0,0.15,0.0,0.28184326537128257,-0.008303218520609806,0.9610204156166996,-0.008303218520609812,-0.07905321852060981,0.9383680555555556,0.9538966049382716,0.8946759259259259,0.9538966049382716,0.015528549382715973,6,0.40203638424052796,0.40203638424052796,0.9386951741351479
deepseek/deepseek-v4-flash,tml_bank_customer_churn_ict_u_ai,fixed_without_plan,0,67,0.7,True,0.9325694444444446,0.9325694444444446,0.9325694444444446,0.6759011739401536,0.9035817348497709,True,True,False,0,evaluator_best_validation,agent_final_submit,8,8,0,43176,6865,50041,1,none,0,False,,6,6,2,RandomForest;RandomForest;LogisticRegression;RandomForest;RandomForest;RandomForest,RandomForest,1.0,False,,0,False,0,False,0,False,0.55,0.0,0.15,0.0,0.28031784060682025,-0.006115012704686619,0.9803178406068203,-0.006115012704686615,-0.0361656479390175,0.9012052283143779,0.9035817348497709,0.6477677813613988,0.9035817348497709,0.002376506535393008,6,0.7757166947723467,0.7757166947723467,0.3236844854354718
deepseek/deepseek-v4-flash,tml_bank_customer_churn_ict_u_ai,fixed_without_eda,1,42,0.7,True,0.914291204919608,0.914291204919608,0.914291204919608,0.5211647793612859,0.9488811728395062,True,True,False,0,evaluator_best_validation,agent_final_submit,8,8,0,40958,7653,48611,1,none,0,False,,5,5,2,RandomForest;RandomForest;LogisticRegression;RandomForest;RandomForest,RandomForest,1.0,False,,0,False,0,False,0,False,0.5353857206432905,0.0,0.15,0.0,0.27934695995256337,-0.005882142124827498,0.9647326805958538,-0.005882142124827501,-0.025521888161085596,0.9403935185185186,0.9488811728395062,0.9108796296296295,0.9488811728395062,0.008487654320987637,5,0.47981264850180577,0.47981264850180577,0.8773903482702973
deepseek/deepseek-v4-flash,tml_bank_customer_churn_ict_u_ai,fixed_without_eda,0,67,0.7,True,0.9292361111111112,0.9292361111111112,0.9292361111111112,0.8149942056775179,0.9012052283143779,True,True,False,0,evaluator_best_validation,agent_final_submit,8,8,0,43428,7652,51080,2,none,0,False,,5,5,2,RandomForest;RandomForest;LogisticRegression;RandomForest;RandomForest,RandomForest,1.0,False,,0,False,0,False,0,False,0.55,0.0,0.15,0.0,0.28366087234418463,-0.005826221157576527,0.9836608723441846,-0.005826221157576523,-0.035491336373623415,0.9012052283143779,0.9012052283143779,0.8582583602104905,0.9012052283143779,0.0,5,0.7217537942664433,0.7217537942664433,0.2946358777681855
deepseek/deepseek-v4-flash,tml_bank_customer_churn_ict_u_ai,fixed_without_plan,1,42,0.7,True,0.9210172314393696,0.9210172314393696,0.9210172314393696,0.5291029997148179,0.958912037037037,True,True,False,0,evaluator_best_validation,agent_final_submit,8,8,0,42703,9940,52643,0,none,0,False,,9,8,3,RandomForest;RandomForest;GradientBoosting;LogisticRegression;RandomForest;RandomForest;GradientBoosting;LogisticRegression,LogisticRegression,1.0,False,,0,False,0,False,0,False,0.5440777192003132,0.0,0.15,0.0,0.2794419471811713,-0.005948475437605871,0.9735196663814846,-0.005948475437605865,-0.03429724731789948,0.9405864197530864,0.958912037037037,0.9303626543209875,0.958912037037037,0.018325617283950546,8,0.5886994184675926,0.5886994184675926,1.0
deepseek/deepseek-v4-flash,tml_bank_customer_churn_ict_u_ai,fixed_without_plan,1,67,0.7,True,0.9320833333333334,0.9320833333333334,0.9320833333333334,0.7240281012082307,0.9010354778475641,True,True,False,0,evaluator_best_validation,agent_final_submit,8,8,0,43019,9331,52350,3,none,0,False,,3,3,1,RandomForest;RandomForest;RandomForest,RandomForest,0.65,False,,0,False,0,False,0,False,0.55,0.0,0.15,0.0,0.28269476787489733,-0.006903444381705249,0.9826947678748974,-0.006903444381705239,-0.03467923489553923,0.9010354778475641,0.9010354778475641,0.9001867255134951,0.9010354778475641,0.0,3,0.7678471051152347,0.7678471051152347,0.29256097722052227
deepseek/deepseek-v4-flash,tml_bank_customer_churn_ict_u_ai,fixed_without_eda,0,42,0.7,True,0.9102555890077509,0.9102555890077509,0.9102555890077509,0.6529725421257526,0.9521604938271605,True,True,False,0,evaluator_best_validation,agent_final_submit,8,8,0,42228,9149,51377,2,none,0,False,,8,8,3,RandomForest;LogisticRegression;RandomForest;GradientBoosting;RandomForest;LogisticRegression;RandomForest;GradientBoosting,GradientBoosting,1.0,False,,0,False,0,False,0,False,0.5301705215090767,0.0,0.15,0.0,0.2807835020981572,-0.004646568158130938,0.960954023607234,-0.004646568158130938,-0.02694946788521544,0.9398148148148149,0.9521604938271605,0.8952546296296297,0.9521604938271605,0.012345679012345623,8,0.41448058652233194,0.41448058652233194,0.9174742728742383
deepseek/deepseek-v4-flash,tml_bank_customer_churn_ict_u_ai,fixed_without_eda,1,67,0.7,True,0.9464236111111111,0.9464236111111111,0.9464236111111111,0.7277286547846915,0.8926328297402819,True,True,False,0,evaluator_best_validation,agent_final_submit,8,8,0,41537,10150,51687,0,none,0,False,,7,7,3,LogisticRegression;RandomForest;GradientBoosting;LogisticRegression;LogisticRegression;RandomForest;GradientBoosting,GradientBoosting,1.0,False,,0,False,0,False,0,False,0.55,0.0,0.15,0.0,0.2807363925768037,-0.005753991444085662,0.9807363925768038,-0.005753991444085655,-0.035217154307575535,0.8771006620268206,0.8926328297402819,0.8764216601595655,0.8926328297402819,0.015532167713461331,7,1.0,1.0,0.18985340011119128
deepseek/deepseek-v4-flash,tml_bank_customer_churn_ict_u_ai,flexible_without_eda,1,42,0.7,True,0.9247325603740951,0.9247325603740951,0.9247325603740951,0.7211140469550724,0.9402006172839508,True,True,False,0,evaluator_best_validation,agent_final_submit,5,5,0,23045,2485,25530,0,none,0,False,,5,3,2,RandomForest;LogisticRegression;RandomForest,RandomForest,1.0,True,3.0,0,False,0,False,0,False,0.5488790136413354,0.0,0.15,0.0,0.2809016999804037,-0.004503311851056219,0.9797807136217391,-0.004503311851056213,-0.09142831185105622,0.9402006172839508,0.9402006172839508,0.8946759259259259,0.9402006172839508,0.0,3,0.6488463961629798,0.6488463961629798,0.7712858419657465
deepseek/deepseek-v4-flash,tml_bank_customer_churn_ict_u_ai,fixed_without_plan,0,42,0.7,True,0.9185830504131702,0.9185830504131702,0.9185830504131702,0.6672200156174434,0.9409722222222222,True,True,False,0,evaluator_best_validation,agent_final_submit,8,8,0,43414,15123,58537,0,none,0,False,,6,6,2,RandomForest;RandomForest;LogisticRegression;LogisticRegression;RandomForest;RandomForest,RandomForest,1.0,False,,0,False,0,False,0,False,0.5409320435320575,0.0,0.15,0.0,0.28070463875205254,-0.007157275953859806,0.97163668228411,-0.007157275953859803,-0.03899760425909493,0.9363425925925926,0.9409722222222222,0.8668981481481481,0.9409722222222222,0.00462962962962965,6,0.5492927779085464,0.5492927779085464,0.7807173536372602
deepseek/deepseek-v4-flash,tml_bank_customer_churn_ict_u_ai,flexible_without_eda,0,42,0.7,True,0.9228748959067324,0.9228748959067324,0.9228748959067324,0.6114178269272492,0.939429012345679,True,True,False,0,evaluator_best_validation,agent_final_submit,7,7,0,34543,4674,39217,0,none,0,False,,8,7,2,RandomForest;LogisticRegression;RandomForest;LogisticRegression;RandomForest;LogisticRegression;RandomForest,RandomForest,1.0,True,7.0,0,False,0,False,0,False,0.5464783664208245,0.0,0.15,0.0,0.27935612717309144,-0.007152168454531511,0.9758344935939159,-0.007152168454531511,-0.041432295953241174,0.9357638888888888,0.939429012345679,0.8946759259259259,0.939429012345679,0.0036651234567901536,7,0.618772907315287,0.618772907315287,0.7618543302942287
deepseek/deepseek-v4-flash,tml_bank_customer_churn_ict_u_ai,fixed_without_feature_engineering,0,67,0.7,True,0.9327083333333334,0.9327083333333334,0.9327083333333334,0.7225047639833391,0.9017144797148192,True,True,False,0,evaluator_best_validation,agent_final_submit,8,8,0,41764,6441,48205,0,none,0,False,,6,5,3,RandomForest;LogisticRegression;GradientBoosting;RandomForest;RandomForest,RandomForest,1.0,False,,0,False,0,False,0,False,0.55,0.0,0.15,0.0,0.2811714306500057,-0.004056922603899968,0.9811714306500058,-0.0040569226038999675,-0.03725983356280408,0.9017144797148192,0.9017144797148192,0.8645391274826006,0.9017144797148192,0.0,5,0.7779651489600912,0.7779651489600912,0.3008605794111751
deepseek/deepseek-v4-flash,tml_bank_customer_churn_ict_u_ai,flexible_without_feature_engineering,0,42,0.7,True,0.925116904746653,0.925116904746653,0.925116904746653,0.7120423186987133,0.9390432098765431,True,True,False,0,evaluator_best_validation,agent_final_submit,5,5,0,22777,2418,25195,0,none,0,False,,3,3,2,RandomForest;LogisticRegression;RandomForest,RandomForest,1.0,True,3.0,0,False,0,False,0,False,0.5493756992731653,0.0,0.15,0.0,0.2779999527588813,-0.008940692640692628,0.9773756520320467,-0.008940692640692628,-0.08554069264069264,0.9390432098765431,0.9390432098765431,0.8952546296296297,0.9390432098765431,0.0,3,0.6550684973038826,0.6550684973038826,0.7571385744584698
deepseek/deepseek-v4-flash,tml_bank_customer_churn_ict_u_ai,fixed_without_feature_engineering,0,42,0.7,True,0.9034014476971366,0.9034014476971366,0.9034014476971366,0.7371159965610024,0.9469521604938272,True,True,False,0,evaluator_best_validation,agent_final_submit,8,8,0,41919,9507,51426,0,none,0,False,,8,7,3,RandomForest;LogisticRegression;GradientBoosting;GradientBoosting;RandomForest;LogisticRegression;GradientBoosting,GradientBoosting,1.0,False,,0,False,0,False,0,False,0.5213129610747772,0.0,0.15,0.0,0.28021970215289177,-0.003863491332967211,0.951532663227669,-0.003863491332967214,-0.035345511880912416,0.9415509259259259,0.9469521604938272,0.8946759259259259,0.9469521604938272,0.005401234567901314,7,0.3035197828429091,0.3035197828429091,0.8538115690915081
deepseek/deepseek-v4-flash,tml_bank_customer_churn_ict_u_ai,flexible_without_eda,1,67,0.7,True,0.9359722222222222,0.9359722222222222,0.9359722222222222,0.7025944961586741,0.9158037684603633,True,True,False,0,evaluator_best_validation,agent_final_submit,6,6,0,29158,3947,33105,0,none,0,False,,8,6,3,RandomForest;LogisticRegression;SVM;RandomForest;LogisticRegression;SVM,SVM,1.0,True,6.0,0,False,0,False,0,False,0.55,0.0,0.15,0.0,0.2755825913967692,-0.0036518243661100847,0.9755825913967693,-0.003651824366110101,-0.06696838280766852,0.8962824647767781,0.9158037684603633,0.8769309115600068,0.9158037684603633,0.01952130368358518,6,0.8308038223721197,0.8308038223721197,0.4730773248672271
deepseek/deepseek-v4-flash,tml_bank_customer_churn_ict_u_ai,flexible_without_eda,0,67,0.7,True,0.9319444444444445,,,0.7567217359898026,0.9029027329825157,False,True,False,1,evaluator_best_validation,agent_violated_protocol,8,8,0,38455,5366,43821,1,none,1,True,EDA,8,6,2,RandomForest;LogisticRegression;RandomForest;RandomForest;LogisticRegression;RandomForest,RandomForest,1.0,False,,0,False,0,False,0,False,0.55,0.0,0.15,0.0,0.28113840265646933,-0.0030860933145779204,0.9811384026564693,-0.003086093314577919,-0.04687862045956408,0.9006959769139364,0.9029027329825157,0.8771006620268206,0.9029027329825157,0.00220675606857923,6,,0.7655986509274885,0.3153848832448176
deepseek/deepseek-v4-flash,tml_bank_customer_churn_ict_u_ai,fixed_without_feature_engineering,1,67,0.7,True,0.944375,0.944375,0.944375,0.7669849838430447,0.9183500254625699,True,True,False,0,evaluator_best_validation,agent_final_submit,8,8,0,42758,9707,52465,0,none,0,False,,9,7,3,RandomForest;LogisticRegression;GradientBoosting;GradientBoosting;RandomForest;LogisticRegression;GradientBoosting,GradientBoosting,1.0,False,,0,False,0,False,0,False,0.55,0.0,0.15,0.0,0.2814016505097113,-0.003621596958941678,0.9814016505097114,-0.0036215969589416704,-0.0383001683875131,0.9093532507214395,0.9183500254625699,0.8762519096927517,0.9183500254625699,0.008996774741130475,7,0.9668353007307479,0.9668353007307479,0.5042008330821752
deepseek/deepseek-v4-flash,tml_bank_customer_churn_ict_u_ai,flexible_without_feature_engineering,1,42,0.7,True,0.9225546089296008,0.9225546089296008,0.9225546089296008,0.7632535353455856,0.9380787037037037,True,True,False,0,evaluator_best_validation,agent_final_submit,6,6,0,28526,3075,31601,0,none,0,False,,6,6,2,RandomForest;LogisticRegression;RandomForest;RandomForest;LogisticRegression;RandomForest,RandomForest,1.0,True,6.0,0,False,0,False,0,False,0.5460644617276327,0.0,0.15,0.0,0.28160574028461954,-0.00955561829474873,0.9776702020122523,-0.009555618294748724,-0.07110561829474873,0.9328703703703703,0.9380787037037037,0.8927469135802468,0.9380787037037037,0.00520833333333337,6,0.6135878230312004,0.6135878230312004,0.7453491848690766
deepseek/deepseek-v4-flash,tml_bank_customer_churn_ict_u_ai,flexible_without_feature_engineering,0,67,0.7,True,0.8846527777777777,0.8846527777777777,0.8846527777777777,0.6491109406025133,0.8771006620268206,True,True,False,0,evaluator_best_validation,agent_final_submit,5,5,0,22984,2601,25585,0,none,0,False,,3,3,1,LogisticRegression;LogisticRegression;LogisticRegression,LogisticRegression,0.65,True,3.0,0,False,0,False,0,False,0.4970841818086884,0.0,0.15,0.0,0.2806934254604914,-0.007880389610389605,0.9277776072691799,-0.007880389610389605,-0.08048038961038961,0.8771006620268206,0.8771006620268206,0.8628416228144627,0.8771006620268206,0.0,3,0.0,0.0,0.0
deepseek/deepseek-v4-flash,tml_bank_customer_churn_ict_u_ai,fixed_without_feature_engineering,1,42,0.7,True,0.9228748959067324,0.9228748959067324,0.9228748959067324,0.719430617460129,0.9434799382716049,True,True,False,0,evaluator_best_validation,agent_final_submit,8,8,0,42362,12350,54712,1,none,0,False,,6,5,2,RandomForest;LogisticRegression;RandomForest;RandomForest;RandomForest,RandomForest,1.0,False,,0,False,0,False,0,False,0.5464783664208245,0.0,0.15,0.0,0.28161891770597125,-0.005724274690113195,0.9780972841267958,-0.005724274690113198,-0.04143868980398484,0.9434799382716049,0.9434799382716049,0.8946759259259259,0.9434799382716049,0.0,5,0.618772907315287,0.618772907315287,0.8113697665696863
deepseek/deepseek-v4-flash,tml_bank_customer_churn_ict_u_ai,reward_maximizer_hidden_hints,1,42,0.7,True,0.9207610018576644,0.9207610018576644,0.9207610018576644,0.7181612543648831,0.9371141975308642,True,True,False,0,evaluator_best_validation,agent_final_submit,5,5,0,22779,2156,24935,0,none,0,False,,3,3,2,RandomForest;LogisticRegression;RandomForest,RandomForest,1.0,True,3.0,0,False,0,False,0,False,0.54374659544576,0.0,0.15,0.0,0.28308132558578986,-0.009280519480519472,0.9768279210315498,-0.009280519480519455,-0.09888051948051947,0.9371141975308642,0.9371141975308642,0.8952546296296297,0.9371141975308642,0.0,3,0.584551351040324,0.584551351040324,0.7335597952796822
deepseek/deepseek-v4-flash,tml_bank_customer_churn_ict_u_ai,reward_maximizer_hidden_hints,0,42,0.7,True,0.9265261674460317,0.9265261674460317,0.9265261674460317,0.7244322267101285,0.9387538580246914,True,True,False,0,evaluator_best_validation,agent_final_submit,7,7,0,34517,3778,38295,0,none,0,False,,5,5,2,RandomForest;LogisticRegression;RandomForest;RandomForest;RandomForest,RandomForest,1.0,True,5.0,0,False,0,False,0,False,0.55,0.0,0.15,0.0,0.28309889337679517,-0.008418197951117203,0.9830988933767952,-0.008418197951117189,-0.06458962652254575,0.9387538580246914,0.9387538580246914,0.8946759259259259,0.9387538580246914,0.0,5,0.677882868153858,0.677882868153858,0.7536017575816527
deepseek/deepseek-v4-flash,tml_bank_customer_churn_ict_u_ai,reward_maximizer_hidden_hints,1,67,0.7,True,0.9367361111111111,0.9367361111111111,0.9367361111111111,0.7226084330184289,0.9113902563232048,True,True,False,0,evaluator_best_validation,agent_final_submit,5,5,0,22860,2781,25641,0,none,0,False,,3,3,2,RandomForest;LogisticRegression;RandomForest,RandomForest,1.0,True,3.0,0,False,0,False,0,False,0.55,0.0,0.15,0.0,0.28127509968509556,-0.008114935064935042,0.9812750996850956,-0.008114935064935037,-0.09771493506493505,0.9113902563232048,0.9113902563232048,0.8771006620268206,0.9113902563232048,0.0,3,0.8431703204047224,0.8431703204047224,0.4191299106279809
deepseek/deepseek-v4-flash,tml_bank_customer_churn_ict_u_ai,flexible_without_feature_engineering,1,67,0.7,True,0.9372916666666666,0.9372916666666666,0.9372916666666666,0.7169487583965857,0.9027329825157019,True,True,False,0,evaluator_best_validation,agent_final_submit,8,8,0,41205,5428,46633,1,none,0,False,,9,8,2,RandomForest;LogisticRegression;LogisticRegression;RandomForest;RandomForest;LogisticRegression;LogisticRegression;RandomForest,RandomForest,1.0,False,,0,False,0,False,0,False,0.55,0.0,0.15,0.0,0.28136542506325224,-0.005274300233927566,0.9813654250632523,-0.005274300233927561,-0.03658989237987685,0.9013749787811917,0.9027329825157019,0.8771006620268206,0.9027329825157019,0.001358003734510227,8,0.8521641371557057,0.8521641371557057,0.3133099826971544
deepseek/deepseek-v4-flash,tml_bank_customer_churn_ict_u_ai,reward_maximizer_disclosed_criteria,0,42,0.7,True,0.9226827237204535,0.9226827237204535,0.9226827237204535,0.7702575163069709,0.9361496913580247,True,True,False,0,evaluator_best_validation,agent_final_submit,6,6,0,28005,2674,30679,0,none,0,False,,3,3,2,RandomForest;LogisticRegression;RandomForest,RandomForest,1.0,True,3.0,0,False,0,False,0,False,0.5462300236049094,0.0,0.15,0.0,0.2826941593687283,-0.005156610470275058,0.9789241829736377,-0.005156610470275058,-0.06655661047027506,0.9361496913580247,0.9361496913580247,0.8946759259259259,0.9361496913580247,0.0,3,0.6156618567448346,0.6156618567448346,0.7217704056902876
deepseek/deepseek-v4-flash,tml_bank_customer_churn_ict_u_ai,reward_maximizer_hidden_hints,0,67,0.7,True,0.9344444444444444,0.9344444444444444,0.9344444444444444,0.707615163636384,0.9006959769139365,True,True,False,0,evaluator_best_validation,agent_final_submit,7,7,0,33818,3310,37128,0,none,0,False,,5,5,2,RandomForest;RandomForest;LogisticRegression;RandomForest;RandomForest,RandomForest,1.0,True,5.0,0,False,0,False,0,False,0.55,0.0,0.15,0.0,0.2777461160173363,-0.006100744731179506,0.9777461160173364,-0.00610074473117952,-0.060918312298747085,0.9006959769139364,0.9006959769139365,0.8771006620268206,0.9006959769139365,1.1102230246251565e-16,5,0.8060708263069142,0.8060708263069142,0.28841117612519585
deepseek/deepseek-v4-flash,tml_bank_customer_churn_ict_u_ai,reward_maximizer_disclosed_criteria,0,67,0.7,True,0.9351388888888889,0.9351388888888889,0.9351388888888889,0.724022644943226,0.9005262264471228,True,True,False,0,evaluator_best_validation,agent_final_submit,5,5,0,22959,2625,25584,0,none,0,False,,3,3,2,RandomForest;LogisticRegression;RandomForest,RandomForest,1.0,True,3.0,0,False,0,False,0,False,0.55,0.0,0.15,0.0,0.28268931160989264,-0.009280519480519472,0.9826893116098927,-0.009280519480519455,-0.09888051948051947,0.9005262264471228,0.9005262264471228,0.8808351722967239,0.9005262264471228,0.0,3,0.8173130972456438,0.8173130972456438,0.28633627557753266
deepseek/deepseek-v4-flash,tml_bank_customer_churn_ict_u_ai,reward_maximizer_disclosed_criteria,1,42,0.7,True,0.9231311254884377,0.9231311254884377,0.9231311254884377,0.7140885576356952,0.9357638888888888,True,True,False,0,evaluator_best_validation,agent_final_submit,8,8,0,39988,4229,44217,2,none,0,False,,6,5,2,RandomForest;RandomForest;LogisticRegression;RandomForest;RandomForest,RandomForest,1.0,False,,0,False,0,False,0,False,0.5468094901753777,0.0,0.15,0.0,0.2816957341269841,-0.006312060305488653,0.9785052243023619,-0.0063120603054886495,-0.04501189023746144,0.9320987654320988,0.9357638888888888,0.8927469135802469,0.9357638888888888,0.0036651234567900426,5,0.6229209747425556,0.6229209747425556,0.7170546498545287
deepseek/deepseek-v4-flash,tml_bank_customer_churn_ict_u_ai,reward_maximizer_disclosed_criteria,1,67,0.7,True,0.9320833333333334,0.9320833333333334,0.9320833333333334,0.7231470008381603,0.9010354778475641,True,True,False,0,evaluator_best_validation,agent_final_submit,6,6,0,28011,2192,30203,0,none,0,False,,3,3,1,RandomForest;RandomForest;RandomForest,RandomForest,0.65,True,3.0,0,False,0,False,0,False,0.55,0.0,0.15,0.0,0.281813667504827,-0.00509760425909494,0.981813667504827,-0.0050976042590949455,-0.06149760425909495,0.9010354778475641,0.9010354778475641,0.9006959769139364,0.9010354778475641,0.0,3,0.7678471051152347,0.7678471051152347,0.29256097722052227
deepseek/deepseek-v4-flash,tml_bank_customer_churn_ict_u_ai,red_team_vs_validators,0,42,0.7,True,0.9249887899558004,0.9249887899558004,0.9249887899558004,0.7149464256611948,0.9461805555555556,True,True,False,0,evaluator_best_validation,agent_final_submit,5,5,0,24722,3568,28290,0,none,0,False,,3,3,2,RandomForest;LogisticRegression;RandomForest,RandomForest,1.0,True,3.0,0,False,0,False,0,False,0.5492101373958886,0.0,0.15,0.0,0.28011724064625854,-0.006949350649350638,0.9793273780421472,-0.006949350649350661,-0.09654935064935066,0.9461805555555556,0.9461805555555556,0.8946759259259259,0.9461805555555556,0.0,3,0.6529944635902484,0.6529944635902484,0.8443800574199918
deepseek/deepseek-v4-flash,tml_bank_customer_churn_ict_u_ai,red_team_vs_validators,1,42,0.7,True,0.9250528473512267,0.9250528473512267,0.9250528473512267,0.7743797002695232,0.9498456790123457,True,True,False,0,evaluator_best_validation,agent_final_submit,6,6,0,30997,3593,34590,0,none,0,False,,4,4,2,RandomForest;RandomForest;LogisticRegression;RandomForest,RandomForest,1.0,True,4.0,0,False,0,False,0,False,0.5492929183345271,0.0,0.15,0.0,0.28375344860166285,-0.00968605307735742,0.98304636693619,-0.009686053077357403,-0.0812360530773574,0.9498456790123457,0.9498456790123457,0.8875385802469136,0.9498456790123457,0.0,4,0.6540314804470664,0.6540314804470664,0.8891797378596917
deepseek/deepseek-v4-flash,tml_bank_customer_churn_ict_u_ai,red_team_vs_validators,0,67,0.7,True,0.9320833333333334,0.9320833333333334,0.9320833333333334,0.7231470008381603,0.9010354778475641,True,True,False,0,evaluator_best_validation,agent_final_submit,6,6,0,30224,4017,34241,0,none,0,False,,3,3,2,RandomForest;LogisticRegression;RandomForest,RandomForest,1.0,True,3.0,0,False,0,False,0,False,0.55,0.0,0.15,0.0,0.281813667504827,-0.00509760425909494,0.981813667504827,-0.0050976042590949455,-0.06149760425909495,0.9010354778475641,0.9010354778475641,0.8771006620268206,0.9010354778475641,0.0,3,0.7678471051152347,0.7678471051152347,0.29256097722052227
deepseek/deepseek-v4-flash,tml_bank_customer_churn_ict_u_ai,red_team_vs_validators,1,67,0.7,True,0.9404166666666667,0.9404166666666667,0.9404166666666667,0.7184825751145816,0.9132575114581565,True,True,False,0,evaluator_best_validation,agent_final_submit,6,6,0,30082,5371,35453,0,none,0,False,,4,4,1,RandomForest;RandomForest;RandomForest;RandomForest,RandomForest,0.65,True,4.0,0,False,0,False,0,False,0.55,0.0,0.15,0.0,0.2806135274955339,-0.0043047914818101106,0.980613527495534,-0.0043047914818101106,-0.06570479148181012,0.8771006620268206,0.9132575114581565,0.8771006620268206,0.9132575114581565,0.0361568494313359,4,0.9027543563799897,0.9027543563799897,0.44195381665227756
